1,56640,1
2,48300,1
3,46728,1
4,39312,1
5,37050,1
6,33264,1
7,27528,1
8,21788,1
9,20914,1
10,14938,1
11,14792,1
12,14310,1
13,14063,1
14,13881,1
15,13328,1
16,13018,1
17,12589,1
18,11725,1
19,9811,1
20,9718,1
21,9146,1
22,9096,1
23,8683,1
24,8404,1
25,8063,1
26,7677,1
27,7387,1
28,7344,1
29,7049,1
30,6754,1
31,6468,1
32,6236,1
33,5875,1
34,5375,1
35,5227,1
36,5113,1
37,5090,1
38,5082,1
39,5001,1
40,4971,1
41,4790,1
42,4763,1
43,4600,1
44,4578,1
45,4535,1
46,4501,1
47,4493,1
48,4431,1
49,4400,1
50,4313,1
51,4214,1
52,4202,1
53,4195,1
54,4180,1
55,4157,1
56,4000,1
57,3998,1
58,3976,1
59,3961,1
60,3895,1
61,3880,1
62,3858,1
63,3796,1
64,3689,1
65,3620,1
66,3613,1
67,3530,1
68,3488,1
69,3430,1
70,3405,1
71,3389,1
72,3349,1
73,3325,1
74,3324,1
75,3300,1
76,3299,1
77,3267,1
78,3267,1
79,3260,1
80,3253,1
81,3237,1
82,3210,1
83,3196,1
84,3100,1
85,3094,1
86,3089,1
87,2993,1
88,2984,1
89,2947,1
90,2900,1
91,2892,1
92,2853,1
93,2842,1
94,2711,1
95,2702,1
96,2700,1
97,2686,1
98,2621,1
99,2605,1
100,2572,1
101,2569,1
102,2530,1
103,2516,1
104,2499,1
105,2475,1
106,2467,1
107,2420,1
108,2344,1
109,2300,1
110,2300,1
111,2286,1
112,2286,1
113,2278,1
114,2260,1
115,2239,1
116,2200,1
117,2178,1
118,2133,1
119,2124,1
120,2124,1
121,2116,1
122,2111,1
123,2100,1
124,2064,1
125,2062,1
126,2048,1
127,2016,1
128,2000,1
129,2000,1
130,2000,1
131,2000,1
132,1997,1
133,1989,1
134,1988,1
135,1980,1
136,1956,1
137,1950,1
138,1950,1
139,1950,1
140,1950,1
141,1950,1
142,1943,1
143,1933,1
144,1911,1
145,1901,1
146,1901,1
147,1901,1
148,1901,1
149,1901,1
150,1901,1
151,1901,1
152,1901,1
153,1901,1
154,1901,1
155,1890,1
156,1879,1
157,1853,1
158,1853,1
159,1853,1
160,1853,1
161,1853,1
162,1853,1
163,1853,1
164,1853,1
165,1853,1
166,1849,1
167,1807,1
168,1807,1
169,1807,1
170,1807,1
171,1807,1
172,1807,1
173,1807,1
174,1807,1
175,1807,1
176,1807,1
177,1807,1
178,1807,1
179,1797,1
180,1780,1
181,1772,1
182,1772,1
183,1770,1
184,1762,1
185,1762,1
186,1762,1
187,1762,1
188,1762,1
189,1762,1
190,1762,1
191,1762,1
192,1762,1
193,1762,1
194,1762,1
195,1762,1
196,1762,1
197,1762,1
198,1762,1
199,1762,1
200,1762,1
201,1762,1
202,1762,1
203,1762,1
204,1748,1
205,1718,1
206,1718,1
207,1718,1
208,1718,1
209,1718,1
210,1718,1
211,1718,1
212,1718,1
213,1718,1
214,1718,1
215,1718,1
216,1718,1
217,1716,1
218,1716,1
219,1716,1
220,1716,1
221,1683,1
222,1675,1
223,1675,1
224,1675,1
225,1675,1
226,1658,1
227,1644,1
228,1637,1
229,1633,1
230,1633,1
231,1633,1
232,1633,1
233,1633,1
234,1633,1
235,1633,1
236,1633,1
237,1633,1
238,1633,1
239,1633,1
240,1633,1
241,1633,1
242,1633,1
243,1633,1
244,1633,1
245,1633,1
246,1633,1
247,1633,1
248,1633,1
249,1633,1
250,1633,1
251,1633,1
252,1633,1
253,1633,1
254,1633,1
255,1633,1
256,1633,1
257,1633,1
258,1633,1
259,1633,1
260,1633,1
261,1633,1
262,1633,1
263,1633,1
264,1633,1
265,1633,1
266,1633,1
267,1633,1
268,1633,1
269,1633,1
270,1633,1
271,1633,1
272,1633,1
273,1633,1
274,1633,1
275,1633,1
276,1633,1
277,1633,1
278,1633,1
279,1633,1
280,1633,1
281,1633,1
282,1633,1
283,1592,1
284,1592,1
285,1571,1
286,1566,1
287,1536,1
288,1510,1
289,1502,1
290,1495,1
291,1488,1
292,1475,1
293,1468,1
294,1468,1
295,1463,1
296,1444,1
297,1428,1
298,1427,1
299,1424,1
300,1391,1
301,1384,1
302,1362,1
303,1352,1
304,1352,1
305,1350,1
306,1344,1
307,1340,1
308,1334,1
309,1334,1
310,1316,1
311,1315,1
312,1286,1
313,1286,1
314,1273,1
315,1257,1
316,1252,1
317,1242,1
318,1223,1
319,1200,1
320,1200,1
321,1200,1
322,1200,1
323,1200,1
324,1158,1
325,1158,1
326,1144,1
327,1144,1
328,1144,1
329,1144,1
330,1144,1
331,1144,1
332,1144,1
333,1144,1
334,1144,1
335,1144,1
336,1144,1
337,1144,1
338,1144,1
339,1144,1
340,1144,1
341,1144,1
342,1144,1
343,1144,1
344,1144,1
345,1144,1
346,1144,1
347,1144,1
348,1144,1
349,1144,1
350,1144,1
351,1144,1
352,1144,1
353,1144,1
354,1144,1
355,1144,1
356,1144,1
357,1144,1
358,1144,1
359,1144,1
360,1144,1
361,1144,1
362,1144,1
363,1144,1
364,1144,1
365,1144,1
366,1144,1
367,1144,1
368,1144,1
369,1144,1
370,1144,1
371,1144,1
372,1144,1
373,1144,1
374,1144,1
375,1144,1
376,1144,1
377,1144,1
378,1144,1
379,1144,1
380,1144,1
381,1144,1
382,1144,1
383,1144,1
384,1144,1
385,1144,1
386,1144,1
387,1144,1
388,1144,1
389,1144,1
390,1144,1
391,1144,1
392,1144,1
393,1144,1
394,1144,1
395,1144,1
396,1144,1
397,1144,1
398,1144,1
399,1144,1
400,1144,1
401,1144,1
402,1144,1
403,1144,1
404,1144,1
405,1144,1
406,1144,1
407,1144,1
408,1144,1
409,1144,1
410,1144,1
411,1144,1
412,1144,1
413,1144,1
414,1144,1
415,1144,1
416,1144,1
417,1144,1
418,1144,1
419,1144,1
420,1144,1
421,1144,1
422,1144,1
423,1144,1
424,1144,1
425,1144,1
426,1144,1
427,1144,1
428,1144,1
429,1144,1
430,1144,1
431,1144,1
432,1144,1
433,1144,1
434,1144,1
435,1144,1
436,1144,1
437,1144,1
438,1144,1
439,1144,1
440,1144,1
441,1144,1
442,1144,1
443,1144,1
444,1144,1
445,1144,1
446,1144,1
447,1144,1
448,1144,1
449,1144,1
450,1144,1
451,1144,1
452,1144,1
453,1144,1
454,1144,1
455,1144,1
456,1144,1
457,1144,1
458,1144,1
459,1144,1
460,1144,1
461,1144,1
462,1144,1
463,1144,1
464,1144,1
465,1144,1
466,1144,1
467,1144,1
468,1144,1
469,1144,1
470,1143,1
471,1120,1
472,1120,1
473,1086,1
474,1078,1
475,1068,1
476,1065,1
477,1030,1
478,1014,1
479,987,0
480,980,0
481,980,0
482,980,0
483,980,0
484,978,0
485,968,0
486,935,0
487,925,0
488,919,0
489,915,0
490,915,0
491,899,0
492,899,0
493,899,0
494,899,0
495,899,0
496,899,0
497,890,0
498,874,0
499,864,0
500,857,0
501,857,0
502,857,0
503,857,0
504,857,0
505,857,0
506,857,0
507,857,0
508,857,0
509,857,0
510,857,0
511,835,0
512,834,0
513,825,0
514,824,0
515,819,0
516,818,0
517,817,0
518,817,0
519,817,0
520,817,0
521,817,0
522,817,0
523,817,0
524,817,0
525,817,0
526,817,0
527,817,0
528,817,0
529,817,0
530,817,0
531,817,0
532,817,0
533,817,0
534,817,0
535,817,0
536,817,0
537,817,0
538,817,0
539,817,0
540,817,0
541,817,0
542,817,0
543,817,0
544,817,0
545,817,0
546,817,0
547,817,0
548,817,0
549,817,0
550,817,0
551,817,0
552,817,0
553,817,0
554,817,0
555,817,0
556,817,0
557,817,0
558,817,0
559,817,0
560,817,0
561,817,0
562,817,0
563,817,0
564,817,0
565,817,0
566,817,0
567,817,0
568,817,0
569,817,0
570,817,0
571,817,0
572,817,0
573,817,0
574,817,0
575,817,0
576,817,0
577,817,0
578,817,0
579,817,0
580,817,0
581,817,0
582,817,0
583,817,0
584,817,0
585,817,0
586,817,0
587,817,0
588,817,0
589,817,0
590,817,0
591,817,0
592,817,0
593,817,0
594,817,0
595,817,0
596,817,0
597,817,0
598,817,0
599,817,0
600,817,0
601,817,0
602,817,0
603,817,0
604,817,0
605,817,0
606,817,0
607,817,0
608,817,0
609,817,0
610,817,0
611,817,0
612,817,0
613,817,0
614,817,0
615,817,0
616,817,0
617,817,0
618,817,0
619,817,0
620,817,0
621,817,0
622,817,0
623,806,0
624,803,0
625,800,0
626,800,0
627,800,0
628,800,0
629,800,0
630,800,0
631,785,0
632,784,0
633,783,0
634,761,0
635,752,0
636,751,0
637,742,0
638,736,0
639,736,0
640,736,0
641,700,0
642,694,0
643,686,0
644,653,0
645,653,0
646,653,0
647,653,0
648,653,0
649,653,0
650,653,0
651,640,0
652,632,0
653,629,0
654,629,0
655,622,0
656,620,0
657,610,0
658,605,0
659,602,0
660,600,0
661,598,0
662,595,0
663,588,0
664,585,0
665,580,0
666,575,0
667,573,0
668,572,0
669,572,0
670,572,0
671,572,0
672,572,0
673,572,0
674,572,0
675,572,0
676,572,0
677,552,0
678,549,0
679,539,0
680,539,0
681,539,0
682,531,0
683,529,0
684,524,0
685,523,0
686,523,0
687,523,0
688,514,0
689,514,0
690,514,0
691,514,0
692,514,0
693,514,0
694,507,0
695,502,0
696,499,0
697,489,0
698,489,0
699,489,0
700,489,0
701,489,0
702,489,0
703,489,0
704,489,0
705,489,0
706,489,0
707,489,0
708,489,0
709,489,0
710,489,0
711,489,0
712,489,0
713,489,0
714,489,0
715,489,0
716,489,0
717,489,0
718,489,0
719,489,0
720,489,0
721,488,0
722,471,0
723,457,0
724,457,0
725,449,0
726,449,0
727,449,0
728,448,0
729,441,0
730,439,0
731,439,0
732,435,0
733,425,0
734,425,0
735,416,0
736,416,0
737,411,0
738,409,0
739,409,0
740,409,0
741,409,0
742,409,0
743,409,0
744,409,0
745,409,0
746,409,0
747,406,0
748,402,0
749,400,0
750,400,0
751,400,0
752,400,0
753,400,0
754,400,0
755,400,0
756,400,0
757,390,0
758,386,0
759,384,0
760,380,0
761,376,0
762,371,0
763,371,0
764,371,0
765,365,0
766,362,0
767,353,0
768,350,0
769,344,0
770,344,0
771,341,0
772,341,0
773,340,0
774,335,0
775,335,0
776,332,0
777,332,0
778,332,0
779,327,0
780,327,0
781,327,0
782,327,0
783,327,0
784,327,0
785,327,0
786,327,0
787,327,0
788,327,0
789,327,0
790,327,0
791,327,0
792,327,0
793,327,0
794,318,0
795,312,0
796,311,0
797,311,0
798,308,0
799,302,0
800,302,0
801,300,0
802,300,0
803,300,0
804,300,0
805,293,0
806,293,0
807,293,0
808,293,0
809,293,0
810,293,0
811,293,0
812,293,0
813,286,0
814,286,0
815,286,0
816,286,0
817,286,0
818,286,0
819,286,0
820,286,0
821,286,0
822,286,0
823,286,0
824,286,0
825,286,0
826,286,0
827,279,0
828,279,0
829,279,0
830,279,0
831,279,0
832,275,0
833,273,0
834,270,0
835,270,0
836,265,0
837,263,0
838,263,0
839,261,0
840,261,0
841,258,0
842,258,0
843,257,0
844,256,0
845,256,0
846,256,0
847,254,0
848,253,0
849,253,0
850,253,0
851,252,0
852,251,0
853,250,0
854,250,0
855,247,0
856,246,0
857,246,0
858,246,0
859,246,0
860,246,0
861,246,0
862,246,0
863,246,0
864,246,0
865,246,0
866,246,0
867,246,0
868,246,0
869,246,0
870,246,0
871,246,0
872,246,0
873,246,0
874,246,0
875,246,0
876,246,0
877,246,0
878,246,0
879,246,0
880,246,0
881,246,0
882,246,0
883,246,0
884,246,0
885,246,0
886,246,0
887,245,0
888,244,0
889,240,0
890,237,0
891,236,0
892,236,0
893,236,0
894,232,0
895,232,0
896,229,0
897,229,0
898,229,0
899,229,0
900,229,0
901,229,0
902,229,0
903,229,0
904,229,0
905,229,0
906,229,0
907,229,0
908,229,0
909,229,0
910,229,0
911,229,0
912,229,0
913,229,0
914,229,0
915,229,0
916,229,0
917,229,0
918,229,0
919,226,0
920,226,0
921,222,0
922,220,0
923,220,0
924,220,0
925,220,0
926,220,0
927,215,0
928,213,0
929,213,0
930,206,0
931,205,0
932,205,0
933,205,0
934,205,0
935,205,0
936,205,0
937,205,0
938,200,0
939,200,0
940,200,0
941,200,0
942,200,0
943,200,0
944,200,0
945,200,0
946,196,0
947,196,0
948,196,0
949,196,0
950,196,0
951,196,0
952,196,0
953,196,0
954,196,0
955,196,0
956,196,0
957,196,0
958,196,0
959,196,0
960,196,0
961,196,0
962,196,0
963,196,0
964,196,0
965,196,0
966,195,0
967,195,0
968,195,0
969,195,0
970,195,0
971,195,0
972,195,0
973,195,0
974,195,0
975,190,0
976,190,0
977,188,0
978,188,0
979,186,0
980,185,0
981,184,0
982,184,0
983,180,0
984,180,0
985,180,0
986,180,0
987,180,0
988,180,0
989,180,0
990,180,0
991,180,0
992,176,0
993,176,0
994,176,0
995,176,0
996,176,0
997,176,0
998,176,0
999,176,0
1000,176,0
1001,176,0
1002,176,0
1003,176,0
1004,176,0
1005,176,0
1006,172,0
1007,172,0
1008,172,0
1009,172,0
1010,172,0
1011,172,0
1012,172,0
1013,172,0
1014,172,0
1015,172,0
1016,172,0
1017,172,0
1018,172,0
1019,172,0
1020,172,0
1021,172,0
1022,172,0
1023,172,0
1024,172,0
1025,172,0
1026,172,0
1027,172,0
1028,172,0
1029,172,0
1030,172,0
1031,172,0
1032,172,0
1033,172,0
1034,172,0
1035,172,0
1036,172,0
1037,172,0
1038,172,0
1039,172,0
1040,172,0
1041,172,0
1042,172,0
1043,172,0
1044,172,0
1045,172,0
1046,172,0
1047,172,0
1048,172,0
1049,172,0
1050,172,0
1051,172,0
1052,172,0
1053,172,0
1054,172,0
1055,172,0
1056,172,0
1057,171,0
1058,171,0
1059,168,0
1060,168,0
1061,168,0
1062,166,0
1063,166,0
1064,166,0
1065,166,0
1066,166,0
1067,164,0
1068,164,0
1069,164,0
1070,164,0
1071,164,0
1072,164,0
1073,164,0
1074,164,0
1075,164,0
1076,164,0
1077,164,0
1078,164,0
1079,164,0
1080,164,0
1081,164,0
1082,164,0
1083,164,0
1084,164,0
1085,164,0
1086,164,0
1087,164,0
1088,164,0
1089,164,0
1090,164,0
1091,164,0
1092,164,0
1093,164,0
1094,164,0
1095,164,0
1096,164,0
1097,164,0
1098,164,0
1099,164,0
1100,164,0
1101,164,0
1102,164,0
1103,164,0
1104,164,0
1105,164,0
1106,164,0
1107,164,0
1108,164,0
1109,164,0
1110,164,0
1111,164,0
1112,164,0
1113,164,0
1114,164,0
1115,164,0
1116,164,0
1117,164,0
1118,164,0
1119,164,0
1120,164,0
1121,164,0
1122,164,0
1123,164,0
1124,164,0
1125,164,0
1126,162,0
1127,160,0
1128,159,0
1129,156,0
1130,156,0
1131,156,0
1132,156,0
1133,156,0
1134,155,0
1135,155,0
1136,154,0
1137,154,0
1138,151,0
1139,151,0
1140,150,0
1141,150,0
1142,150,0
1143,150,0
1144,150,0
1145,150,0
1146,150,0
1147,150,0
1148,150,0
1149,148,0
1150,148,0
1151,147,0
1152,146,0
1153,146,0
1154,146,0
1155,146,0
1156,146,0
1157,146,0
1158,146,0
1159,144,0
1160,143,0
1161,143,0
1162,143,0
1163,143,0
1164,143,0
1165,140,0
1166,140,0
1167,138,0
1168,138,0
1169,138,0
1170,138,0
1171,138,0
1172,138,0
1173,138,0
1174,138,0
1175,138,0
1176,138,0
1177,138,0
1178,138,0
1179,138,0
1180,138,0
1181,138,0
1182,138,0
1183,138,0
1184,138,0
1185,137,0
1186,137,0
1187,135,0
1188,135,0
1189,135,0
1190,135,0
1191,135,0
1192,132,0
1193,131,0
1194,131,0
1195,131,0
1196,131,0
1197,131,0
1198,131,0
1199,131,0
1200,131,0
1201,130,0
1202,129,0
1203,126,0
1204,126,0
1205,123,0
1206,123,0
1207,123,0
1208,123,0
1209,123,0
1210,123,0
1211,123,0
1212,123,0
1213,123,0
1214,123,0
1215,123,0
1216,123,0
1217,123,0
1218,123,0
1219,123,0
1220,123,0
1221,123,0
1222,123,0
1223,123,0
1224,123,0
1225,123,0
1226,123,0
1227,123,0
1228,123,0
1229,116,0
1230,116,0
1231,116,0
1232,116,0
1233,116,0
1234,116,0
1235,116,0
1236,116,0
1237,116,0
1238,116,0
1239,116,0
1240,116,0
1241,116,0
1242,116,0
1243,116,0
1244,116,0
1245,116,0
1246,116,0
1247,116,0
1248,116,0
1249,116,0
1250,116,0
1251,116,0
1252,116,0
1253,116,0
1254,116,0
1255,116,0
1256,116,0
1257,116,0
1258,116,0
1259,116,0
1260,116,0
1261,116,0
1262,116,0
1263,116,0
1264,116,0
1265,116,0
1266,116,0
1267,116,0
1268,116,0
1269,116,0
1270,116,0
1271,116,0
1272,116,0
1273,116,0
1274,116,0
1275,116,0
1276,116,0
1277,116,0
1278,116,0
1279,116,0
1280,116,0
1281,116,0
1282,116,0
1283,116,0
1284,116,0
1285,116,0
1286,116,0
1287,116,0
1288,116,0
1289,116,0
1290,116,0
1291,116,0
1292,116,0
1293,116,0
1294,116,0
1295,116,0
1296,116,0
1297,116,0
1298,116,0
1299,116,0
1300,116,0
1301,116,0
1302,116,0
1303,116,0
1304,116,0
1305,116,0
1306,116,0
1307,116,0
1308,116,0
1309,116,0
1310,116,0
1311,116,0
1312,116,0
1313,116,0
1314,116,0
1315,116,0
1316,116,0
1317,116,0
1318,116,0
1319,116,0
1320,116,0
1321,116,0
1322,116,0
1323,116,0
1324,116,0
1325,116,0
1326,116,0
1327,116,0
1328,116,0
1329,116,0
1330,116,0
1331,116,0
1332,116,0
1333,116,0
1334,116,0
1335,116,0
1336,116,0
1337,116,0
1338,116,0
1339,116,0
1340,116,0
1341,112,0
1342,111,0
1343,110,0
1344,110,0
1345,107,0
1346,107,0
1347,106,0
1348,106,0
1349,101,0
1350,100,0
1351,100,0
1352,100,0
1353,100,0
1354,100,0
1355,100,0
1356,100,0
1357,100,0
1358,100,0
1359,100,0
1360,100,0
1361,100,0
1362,100,0
1363,100,0
1364,100,0
1365,100,0
1366,100,0
1367,100,0
1368,100,0
1369,100,0
1370,100,0
1371,100,0
1372,100,0
1373,100,0
1374,100,0
1375,100,0
1376,100,0
1377,100,0
1378,99,0
1379,99,0
1380,99,0
1381,99,0
1382,99,0
1383,99,0
1384,99,0
1385,99,0
1386,99,0
1387,98,0
1388,98,0
1389,98,0
1390,98,0
1391,98,0
1392,98,0
1393,98,0
1394,98,0
1395,98,0
1396,98,0
1397,98,0
1398,98,0
1399,98,0
1400,98,0
1401,98,0
1402,98,0
1403,98,0
1404,98,0
1405,98,0
1406,98,0
1407,98,0
1408,98,0
1409,98,0
1410,98,0
1411,98,0
1412,98,0
1413,98,0
1414,98,0
1415,98,0
1416,98,0
1417,98,0
1418,98,0
1419,98,0
1420,98,0
1421,98,0
1422,98,0
1423,98,0
1424,98,0
1425,98,0
1426,98,0
1427,98,0
1428,98,0
1429,98,0
1430,98,0
1431,98,0
1432,98,0
1433,98,0
1434,98,0
1435,98,0
1436,98,0
1437,98,0
1438,98,0
1439,98,0
1440,98,0
1441,98,0
1442,98,0
1443,98,0
1444,98,0
1445,98,0
1446,98,0
1447,98,0
1448,98,0
1449,98,0
1450,98,0
1451,98,0
1452,98,0
1453,98,0
1454,98,0
1455,98,0
1456,98,0
1457,98,0
1458,98,0
1459,98,0
1460,98,0
1461,98,0
1462,98,0
1463,98,0
1464,98,0
1465,98,0
1466,98,0
1467,98,0
1468,98,0
1469,98,0
1470,98,0
1471,98,0
1472,98,0
1473,98,0
1474,98,0
1475,98,0
1476,98,0
1477,98,0
1478,98,0
1479,98,0
1480,98,0
1481,98,0
1482,98,0
1483,98,0
1484,98,0
1485,98,0
1486,98,0
1487,98,0
1488,98,0
1489,98,0
1490,98,0
1491,98,0
1492,97,0
1493,97,0
1494,97,0
1495,97,0
1496,97,0
1497,97,0
1498,97,0
1499,97,0
1500,97,0
1501,97,0
1502,97,0
1503,97,0
1504,97,0
1505,97,0
1506,97,0
1507,97,0
1508,97,0
1509,97,0
1510,97,0
1511,97,0
1512,97,0
1513,97,0
1514,97,0
1515,97,0
1516,97,0
1517,96,0
1518,96,0
1519,96,0
1520,96,0
1521,96,0
1522,96,0
1523,96,0
1524,96,0
1525,96,0
1526,96,0
1527,96,0
1528,96,0
1529,96,0
1530,96,0
1531,96,0
1532,96,0
1533,96,0
1534,96,0
1535,96,0
1536,96,0
1537,96,0
1538,96,0
1539,96,0
1540,96,0
1541,96,0
1542,96,0
1543,96,0
1544,96,0
1545,96,0
1546,96,0
1547,96,0
1548,96,0
1549,96,0
1550,96,0
1551,96,0
1552,96,0
1553,96,0
1554,96,0
1555,96,0
1556,96,0
1557,96,0
1558,96,0
1559,96,0
1560,96,0
1561,96,0
1562,96,0
1563,96,0
1564,96,0
1565,96,0
1566,96,0
1567,96,0
1568,96,0
1569,96,0
1570,96,0
1571,96,0
1572,96,0
1573,96,0
1574,96,0
1575,96,0
1576,96,0
1577,96,0
1578,96,0
1579,96,0
1580,96,0
1581,96,0
1582,96,0
1583,96,0
1584,96,0
1585,96,0
1586,96,0
1587,96,0
1588,96,0
1589,96,0
1590,96,0
1591,96,0
1592,96,0
1593,96,0
1594,96,0
1595,96,0
1596,96,0
1597,96,0
1598,96,0
1599,96,0
1600,96,0
1601,96,0
1602,96,0
1603,96,0
1604,96,0
1605,96,0
1606,96,0
1607,96,0
1608,96,0
1609,96,0
1610,96,0
1611,96,0
1612,96,0
1613,95,0
1614,94,0
1615,94,0
1616,94,0
1617,94,0
1618,94,0
1619,94,0
1620,94,0
1621,94,0
1622,94,0
1623,94,0
1624,94,0
1625,94,0
1626,94,0
1627,94,0
1628,94,0
1629,94,0
1630,94,0
1631,94,0
1632,94,0
1633,94,0
1634,94,0
1635,94,0
1636,94,0
1637,94,0
1638,94,0
1639,94,0
1640,94,0
1641,94,0
1642,94,0
1643,94,0
1644,94,0
1645,94,0
1646,94,0
1647,93,0
1648,92,0
1649,92,0
1650,92,0
1651,92,0
1652,92,0
1653,92,0
1654,92,0
1655,92,0
1656,92,0
1657,92,0
1658,92,0
1659,92,0
1660,92,0
1661,92,0
1662,92,0
1663,92,0
1664,92,0
1665,92,0
1666,92,0
1667,92,0
1668,92,0
1669,92,0
1670,92,0
1671,92,0
1672,92,0
1673,92,0
1674,92,0
1675,92,0
1676,92,0
1677,92,0
1678,92,0
1679,92,0
1680,92,0
1681,92,0
1682,92,0
1683,92,0
1684,92,0
1685,92,0
1686,92,0
1687,92,0
1688,92,0
1689,92,0
1690,92,0
1691,92,0
1692,92,0
1693,92,0
1694,92,0
1695,92,0
1696,92,0
1697,92,0
1698,92,0
1699,92,0
1700,92,0
1701,92,0
1702,92,0
1703,92,0
1704,92,0
1705,92,0
1706,92,0
1707,92,0
1708,92,0
1709,92,0
1710,92,0
1711,92,0
1712,92,0
1713,92,0
1714,92,0
1715,92,0
1716,92,0
1717,92,0
1718,92,0
1719,92,0
1720,92,0
1721,92,0
1722,92,0
1723,92,0
1724,92,0
1725,92,0
1726,92,0
1727,92,0
1728,92,0
1729,92,0
1730,92,0
1731,92,0
1732,92,0
1733,92,0
1734,92,0
1735,90,0
1736,90,0
1737,90,0
1738,90,0
1739,90,0
1740,90,0
1741,90,0
1742,90,0
1743,90,0
1744,90,0
1745,90,0
1746,90,0
1747,90,0
1748,90,0
1749,90,0
1750,90,0
1751,90,0
1752,90,0
1753,90,0
1754,90,0
1755,90,0
1756,90,0
1757,90,0
1758,90,0
1759,90,0
1760,90,0
1761,90,0
1762,90,0
1763,90,0
1764,90,0
1765,90,0
1766,90,0
1767,90,0
1768,90,0
1769,90,0
1770,90,0
1771,90,0
1772,90,0
1773,90,0
1774,90,0
1775,90,0
1776,90,0
1777,90,0
1778,90,0
1779,90,0
1780,90,0
1781,90,0
1782,90,0
1783,90,0
1784,90,0
1785,90,0
1786,90,0
1787,90,0
1788,90,0
1789,90,0
1790,90,0
1791,90,0
1792,90,0
1793,90,0
1794,90,0
1795,90,0
1796,90,0
1797,90,0
1798,90,0
1799,90,0
1800,90,0
1801,90,0
1802,90,0
1803,90,0
1804,90,0
1805,90,0
1806,90,0
1807,90,0
1808,90,0
1809,90,0
1810,90,0
1811,90,0
1812,90,0
1813,90,0
1814,90,0
1815,90,0
1816,90,0
1817,90,0
1818,90,0
1819,90,0
1820,90,0
1821,90,0
1822,90,0
1823,90,0
1824,90,0
1825,90,0
1826,90,0
1827,90,0
1828,90,0
1829,90,0
1830,90,0
1831,90,0
1832,90,0
1833,90,0
1834,90,0
1835,90,0
1836,90,0
1837,90,0
1838,90,0
1839,90,0
1840,90,0
1841,90,0
1842,90,0
1843,90,0
1844,90,0
1845,90,0
1846,90,0
1847,90,0
1848,90,0
1849,90,0
1850,90,0
1851,90,0
1852,90,0
1853,90,0
1854,90,0
1855,90,0
1856,90,0
1857,90,0
1858,90,0
1859,90,0
1860,90,0
1861,90,0
1862,90,0
1863,90,0
1864,90,0
1865,90,0
1866,90,0
1867,90,0
1868,90,0
1869,90,0
1870,90,0
1871,90,0
1872,90,0
1873,90,0
1874,90,0
1875,90,0
1876,90,0
1877,90,0
1878,90,0
1879,90,0
1880,90,0
1881,90,0
1882,90,0
1883,90,0
1884,90,0
1885,90,0
1886,90,0
1887,90,0
1888,90,0
1889,90,0
1890,90,0
1891,90,0
1892,90,0
1893,90,0
1894,88,0
1895,88,0
1896,88,0
1897,88,0
1898,88,0
1899,88,0
1900,88,0
1901,88,0
1902,88,0
1903,88,0
1904,88,0
1905,88,0
1906,88,0
1907,88,0
1908,88,0
1909,88,0
1910,88,0
1911,88,0
1912,88,0
1913,88,0
1914,88,0
1915,88,0
1916,88,0
1917,88,0
1918,88,0
1919,88,0
1920,88,0
1921,88,0
1922,88,0
1923,88,0
1924,88,0
1925,88,0
1926,88,0
1927,88,0
1928,88,0
1929,88,0
1930,88,0
1931,88,0
1932,88,0
1933,88,0
1934,88,0
1935,88,0
1936,88,0
1937,88,0
1938,88,0
1939,88,0
1940,88,0
1941,88,0
1942,88,0
1943,88,0
1944,88,0
1945,88,0
1946,88,0
1947,88,0
1948,88,0
1949,88,0
1950,88,0
1951,88,0
1952,88,0
1953,88,0
1954,88,0
1955,88,0
1956,88,0
1957,88,0
1958,88,0
1959,88,0
1960,88,0
1961,88,0
1962,88,0
1963,88,0
1964,88,0
1965,88,0
1966,88,0
1967,88,0
1968,88,0
1969,88,0
1970,88,0
1971,88,0
1972,88,0
1973,88,0
1974,88,0
1975,88,0
1976,88,0
1977,88,0
1978,88,0
1979,88,0
1980,88,0
1981,88,0
1982,88,0
1983,88,0
1984,88,0
1985,88,0
1986,88,0
1987,88,0
1988,88,0
1989,88,0
1990,88,0
1991,88,0
1992,88,0
1993,88,0
1994,88,0
1995,88,0
1996,88,0
1997,88,0
1998,88,0
1999,88,0
2000,88,0
2001,88,0
2002,87,0
2003,87,0
2004,87,0
2005,86,0
2006,86,0
2007,86,0
2008,86,0
2009,86,0
2010,86,0
2011,86,0
2012,86,0
2013,86,0
2014,86,0
2015,86,0
2016,86,0
2017,86,0
2018,86,0
2019,86,0
2020,86,0
2021,86,0
2022,86,0
2023,86,0
2024,86,0
2025,86,0
2026,86,0
2027,86,0
2028,86,0
2029,86,0
2030,86,0
2031,86,0
2032,86,0
2033,86,0
2034,86,0
2035,86,0
2036,86,0
2037,86,0
2038,86,0
2039,86,0
2040,86,0
2041,86,0
2042,86,0
2043,86,0
2044,86,0
2045,86,0
2046,86,0
2047,86,0
2048,86,0
2049,86,0
2050,84,0
2051,84,0
2052,84,0
2053,84,0
2054,84,0
2055,84,0
2056,84,0
2057,84,0
2058,84,0
2059,84,0
2060,84,0
2061,84,0
2062,84,0
2063,84,0
2064,84,0
2065,84,0
2066,84,0
2067,84,0
2068,84,0
2069,84,0
2070,84,0
2071,84,0
2072,84,0
2073,84,0
2074,84,0
2075,84,0
2076,84,0
2077,84,0
2078,84,0
2079,84,0
2080,84,0
2081,84,0
2082,84,0
2083,84,0
2084,84,0
2085,84,0
2086,84,0
2087,84,0
2088,84,0
2089,84,0
2090,84,0
2091,84,0
2092,84,0
2093,84,0
2094,84,0
2095,84,0
2096,84,0
2097,84,0
2098,84,0
2099,84,0
2100,84,0
2101,84,0
2102,84,0
2103,84,0
2104,84,0
2105,84,0
2106,84,0
2107,84,0
2108,84,0
2109,84,0
2110,84,0
2111,84,0
2112,84,0
2113,84,0
2114,84,0
2115,84,0
2116,84,0
2117,84,0
2118,84,0
2119,84,0
2120,84,0
2121,84,0
2122,84,0
2123,84,0
2124,84,0
2125,84,0
2126,84,0
2127,84,0
2128,84,0
2129,84,0
2130,84,0
2131,84,0
2132,84,0
2133,84,0
2134,84,0
2135,84,0
2136,84,0
2137,84,0
2138,84,0
2139,84,0
2140,84,0
2141,84,0
2142,84,0
2143,84,0
2144,84,0
2145,84,0
2146,84,0
2147,84,0
2148,84,0
2149,84,0
2150,84,0
2151,84,0
2152,84,0
2153,84,0
2154,84,0
2155,84,0
2156,84,0
2157,84,0
2158,84,0
2159,84,0
2160,84,0
2161,84,0
2162,84,0
2163,84,0
2164,84,0
2165,84,0
2166,84,0
2167,84,0
2168,84,0
2169,84,0
2170,84,0
2171,84,0
2172,84,0
2173,84,0
2174,84,0
2175,84,0
2176,84,0
2177,84,0
2178,84,0
2179,84,0
2180,84,0
2181,84,0
2182,84,0
2183,84,0
2184,84,0
2185,84,0
2186,84,0
2187,84,0
2188,84,0
2189,84,0
2190,84,0
2191,84,0
2192,84,0
2193,84,0
2194,84,0
2195,84,0
2196,84,0
2197,84,0
2198,84,0
2199,84,0
2200,84,0
2201,84,0
2202,84,0
2203,84,0
2204,84,0
2205,84,0
2206,84,0
2207,84,0
2208,84,0
2209,84,0
2210,84,0
2211,84,0
2212,84,0
2213,84,0
2214,84,0
2215,84,0
2216,84,0
2217,84,0
2218,84,0
2219,84,0
2220,84,0
2221,84,0
2222,84,0
2223,84,0
2224,84,0
2225,84,0
2226,84,0
2227,84,0
2228,84,0
2229,84,0
2230,84,0
2231,84,0
2232,84,0
2233,84,0
2234,84,0
2235,84,0
2236,84,0
2237,84,0
2238,84,0
2239,84,0
2240,84,0
2241,84,0
2242,84,0
2243,84,0
2244,84,0
2245,84,0
2246,84,0
2247,84,0
2248,84,0
2249,84,0
2250,84,0
2251,84,0
2252,84,0
2253,84,0
2254,84,0
2255,84,0
2256,84,0
2257,84,0
2258,84,0
2259,84,0
2260,84,0
2261,84,0
2262,84,0
2263,84,0
2264,84,0
2265,84,0
2266,84,0
2267,84,0
2268,84,0
2269,84,0
2270,84,0
2271,84,0
2272,84,0
2273,84,0
2274,84,0
2275,84,0
2276,84,0
2277,84,0
2278,84,0
2279,84,0
2280,84,0
2281,84,0
2282,84,0
2283,84,0
2284,84,0
2285,84,0
2286,84,0
2287,84,0
2288,84,0
2289,84,0
2290,84,0
2291,84,0
2292,84,0
2293,84,0
2294,84,0
2295,84,0
2296,84,0
2297,84,0
2298,84,0
2299,84,0
2300,84,0
2301,84,0
2302,84,0
2303,84,0
2304,84,0
2305,84,0
2306,84,0
2307,84,0
2308,84,0
2309,84,0
2310,84,0
2311,84,0
2312,84,0
2313,84,0
2314,84,0
2315,84,0
2316,84,0
2317,84,0
2318,84,0
2319,84,0
2320,84,0
2321,84,0
2322,84,0
2323,84,0
2324,84,0
2325,84,0
2326,84,0
2327,84,0
2328,84,0
2329,84,0
2330,84,0
2331,84,0
2332,84,0
2333,84,0
2334,84,0
2335,84,0
2336,84,0
2337,84,0
2338,84,0
2339,84,0
2340,84,0
2341,84,0
2342,84,0
2343,84,0
2344,84,0
2345,84,0
2346,84,0
2347,84,0
2348,84,0
2349,84,0
2350,84,0
2351,84,0
2352,84,0
2353,84,0
2354,84,0
2355,84,0
2356,84,0
2357,84,0
2358,84,0
2359,84,0
2360,84,0
2361,84,0
2362,84,0
2363,84,0
2364,84,0
2365,84,0
2366,84,0
2367,84,0
2368,84,0
2369,84,0
2370,84,0
2371,84,0
2372,84,0
2373,84,0
2374,84,0
2375,84,0
2376,84,0
2377,84,0
2378,84,0
2379,84,0
2380,84,0
2381,84,0
2382,84,0
2383,84,0
2384,84,0
2385,84,0
2386,84,0
2387,84,0
2388,84,0
2389,84,0
2390,84,0
2391,84,0
2392,84,0
2393,84,0
2394,84,0
2395,84,0
2396,84,0
2397,84,0
2398,84,0
2399,84,0
2400,84,0
2401,84,0
2402,84,0
2403,84,0
2404,84,0
2405,84,0
2406,84,0
2407,84,0
2408,84,0
2409,84,0
2410,84,0
2411,84,0
2412,84,0
2413,84,0
2414,84,0
2415,84,0
2416,84,0
2417,84,0
2418,84,0
2419,84,0
2420,84,0
2421,84,0
2422,84,0
2423,84,0
2424,84,0
2425,84,0
2426,84,0
2427,84,0
2428,84,0
2429,84,0
2430,84,0
2431,84,0
2432,84,0
2433,84,0
2434,84,0
2435,84,0
2436,84,0
2437,84,0
2438,84,0
2439,84,0
2440,84,0
2441,84,0
2442,84,0
2443,84,0
2444,84,0
2445,84,0
2446,84,0
2447,84,0
2448,84,0
2449,84,0
2450,84,0
2451,84,0
2452,84,0
2453,84,0
2454,84,0
2455,84,0
2456,84,0
2457,84,0
2458,84,0
2459,84,0
2460,84,0
2461,84,0
2462,84,0
2463,84,0
2464,84,0
2465,84,0
2466,84,0
2467,84,0
2468,84,0
2469,84,0
2470,84,0
2471,84,0
2472,84,0
2473,84,0
2474,84,0
2475,84,0
2476,84,0
2477,84,0
2478,84,0
2479,84,0
2480,84,0
2481,84,0
2482,84,0
2483,84,0
2484,84,0
2485,84,0
2486,84,0
2487,84,0
2488,84,0
2489,84,0
2490,84,0
2491,84,0
2492,84,0
2493,84,0
2494,84,0
2495,84,0
2496,84,0
2497,84,0
2498,84,0
2499,84,0
2500,84,0
2501,84,0
2502,84,0
2503,84,0
2504,84,0
2505,84,0
2506,84,0
2507,84,0
2508,84,0
2509,84,0
2510,84,0
2511,84,0
2512,84,0
2513,84,0
2514,84,0
2515,84,0
2516,84,0
2517,84,0
2518,84,0
2519,84,0
2520,84,0
2521,84,0
2522,84,0
2523,84,0
2524,84,0
2525,84,0
2526,84,0
2527,84,0
2528,84,0
2529,84,0
2530,84,0
2531,84,0
2532,84,0
2533,84,0
2534,84,0
2535,84,0
2536,84,0
2537,84,0
2538,84,0
2539,84,0
2540,84,0
2541,84,0
2542,84,0
2543,84,0
2544,84,0
2545,84,0
2546,84,0
2547,84,0
2548,84,0
2549,84,0
2550,84,0
2551,84,0
2552,84,0
2553,84,0
2554,84,0
2555,84,0
2556,84,0
2557,84,0
2558,84,0
2559,84,0
2560,84,0
2561,84,0
2562,84,0
2563,84,0
2564,84,0
2565,84,0
2566,84,0
2567,84,0
2568,84,0
2569,84,0
2570,84,0
2571,84,0
2572,84,0
2573,84,0
2574,84,0
2575,84,0
2576,84,0
2577,84,0
2578,84,0
2579,84,0
2580,84,0
2581,84,0
2582,84,0
2583,84,0
2584,84,0
2585,84,0
2586,84,0
2587,84,0
2588,84,0
2589,84,0
2590,84,0
2591,84,0
2592,84,0
2593,84,0
2594,84,0
2595,84,0
2596,84,0
2597,84,0
2598,84,0
2599,84,0
2600,84,0
2601,84,0
2602,84,0
2603,84,0
2604,84,0
2605,84,0
2606,84,0
2607,84,0
2608,84,0
2609,84,0
2610,84,0
2611,84,0
2612,84,0
2613,84,0
2614,84,0
2615,84,0
2616,84,0
2617,84,0
2618,84,0
2619,84,0
2620,84,0
2621,84,0
2622,84,0
2623,84,0
2624,84,0
2625,84,0
2626,84,0
2627,84,0
2628,84,0
2629,84,0
2630,84,0
2631,84,0
2632,84,0
2633,84,0
2634,84,0
2635,84,0
2636,84,0
2637,84,0
2638,84,0
2639,84,0
2640,84,0
2641,84,0
2642,84,0
2643,84,0
2644,84,0
2645,84,0
2646,84,0
2647,84,0
2648,84,0
2649,84,0
2650,84,0
2651,84,0
2652,84,0
2653,84,0
2654,84,0
2655,84,0
2656,84,0
2657,84,0
2658,84,0
2659,84,0
2660,84,0
2661,84,0
2662,84,0
2663,84,0
2664,84,0
2665,84,0
2666,84,0
2667,84,0
2668,84,0
2669,84,0
2670,84,0
2671,84,0
2672,84,0
2673,84,0
2674,84,0
2675,84,0
2676,84,0
2677,84,0
2678,84,0
2679,84,0
2680,84,0
2681,84,0
2682,84,0
2683,84,0
2684,84,0
2685,84,0
2686,84,0
2687,84,0
2688,84,0
2689,84,0
2690,84,0
2691,84,0
2692,84,0
2693,84,0
2694,84,0
2695,84,0
2696,84,0
2697,82,0
2698,82,0
2699,82,0
2700,82,0
2701,82,0
2702,82,0
2703,82,0
2704,82,0
2705,82,0
2706,82,0
2707,82,0
2708,82,0
2709,82,0
2710,82,0
2711,82,0
2712,82,0
2713,82,0
2714,82,0
2715,82,0
2716,82,0
2717,82,0
2718,82,0
2719,82,0
2720,82,0
2721,82,0
2722,82,0
2723,82,0
2724,82,0
2725,82,0
2726,82,0
2727,78,0
2728,78,0
2729,78,0
2730,78,0
2731,74,0
2732,74,0
2733,74,0
2734,74,0
2735,74,0
2736,74,0
2737,74,0
2738,74,0
2739,74,0
2740,74,0
2741,74,0
2742,74,0
2743,74,0
2744,74,0
2745,74,0
2746,74,0
2747,74,0
2748,74,0
2749,74,0
2750,74,0
2751,74,0
2752,74,0
2753,74,0
2754,72,0
2755,72,0
2756,72,0
2757,72,0
2758,65,0
2759,64,0
2760,64,0
2761,64,0
2762,64,0
2763,64,0
2764,64,0
2765,64,0
2766,64,0
2767,64,0
2768,64,0
2769,64,0
2770,64,0
2771,64,0
2772,64,0
2773,64,0
2774,64,0
2775,64,0
2776,64,0
2777,64,0
2778,64,0
2779,64,0
2780,64,0
2781,64,0
2782,64,0
2783,64,0
2784,64,0
2785,64,0
2786,64,0
2787,64,0
2788,64,0
2789,59,0
2790,59,0
2791,59,0
2792,58,0
2793,58,0
2794,57,0
2795,57,0
2796,57,0
2797,57,0
2798,57,0
2799,57,0
2800,57,0
2801,57,0
2802,57,0
2803,57,0
2804,57,0
2805,57,0
2806,57,0
2807,57,0
2808,57,0
2809,57,0
2810,57,0
2811,57,0
2812,57,0
2813,57,0
2814,57,0
2815,57,0
2816,57,0
2817,57,0
2818,57,0
2819,57,0
2820,57,0
2821,57,0
2822,57,0
2823,57,0
2824,57,0
2825,57,0
2826,57,0
2827,57,0
2828,57,0
2829,57,0
2830,57,0
2831,57,0
2832,57,0
2833,57,0
2834,57,0
2835,57,0
2836,57,0
2837,57,0
2838,57,0
2839,57,0
2840,57,0
2841,57,0
2842,57,0
2843,57,0
2844,57,0
2845,57,0
2846,57,0
2847,57,0
2848,57,0
2849,57,0
2850,57,0
2851,57,0
2852,57,0
2853,57,0
2854,57,0
2855,57,0
2856,57,0
2857,57,0
2858,57,0
2859,57,0
2860,57,0
2861,57,0
2862,57,0
2863,57,0
2864,57,0
2865,57,0
2866,57,0
2867,57,0
2868,57,0
2869,57,0
2870,57,0
2871,57,0
2872,57,0
2873,57,0
2874,57,0
2875,57,0
2876,57,0
2877,57,0
2878,57,0
2879,57,0
2880,57,0
2881,57,0
2882,57,0
2883,57,0
2884,57,0
2885,57,0
2886,57,0
2887,57,0
2888,57,0
2889,57,0
2890,57,0
2891,57,0
2892,57,0
2893,57,0
2894,57,0
2895,57,0
2896,57,0
2897,57,0
2898,57,0
2899,57,0
2900,57,0
2901,57,0
2902,57,0
2903,57,0
2904,57,0
2905,57,0
2906,57,0
2907,57,0
2908,57,0
2909,57,0
2910,57,0
2911,57,0
2912,57,0
2913,57,0
2914,57,0
2915,57,0
2916,57,0
2917,57,0
2918,57,0
2919,57,0
2920,57,0
2921,57,0
2922,57,0
2923,57,0
2924,57,0
2925,57,0
2926,57,0
2927,57,0
2928,57,0
2929,57,0
2930,57,0
2931,57,0
2932,57,0
2933,57,0
2934,57,0
2935,57,0
2936,57,0
2937,57,0
2938,57,0
2939,57,0
2940,57,0
2941,57,0
2942,57,0
2943,57,0
2944,57,0
2945,57,0
2946,57,0
2947,57,0
2948,57,0
2949,57,0
2950,57,0
2951,57,0
2952,57,0
2953,57,0
2954,57,0
2955,57,0
2956,57,0
2957,57,0
2958,57,0
2959,57,0
2960,57,0
2961,57,0
2962,57,0
2963,57,0
2964,57,0
2965,57,0
2966,57,0
2967,57,0
2968,57,0
2969,57,0
2970,57,0
2971,57,0
2972,57,0
2973,57,0
2974,57,0
2975,57,0
2976,57,0
2977,57,0
2978,57,0
2979,57,0
2980,57,0
2981,57,0
2982,57,0
2983,57,0
2984,57,0
2985,57,0
2986,57,0
2987,57,0
2988,57,0
2989,57,0
2990,57,0
2991,57,0
2992,57,0
2993,57,0
2994,57,0
2995,57,0
2996,57,0
2997,57,0
2998,57,0
2999,57,0
3000,57,0
3001,57,0
3002,57,0
3003,57,0
3004,57,0
3005,57,0
3006,57,0
3007,57,0
3008,57,0
3009,57,0
3010,57,0
3011,57,0
3012,57,0
3013,57,0
3014,57,0
3015,57,0
3016,57,0
3017,57,0
3018,57,0
3019,57,0
3020,57,0
3021,57,0
3022,57,0
3023,57,0
3024,57,0
3025,57,0
3026,57,0
3027,57,0
3028,57,0
3029,57,0
3030,57,0
3031,57,0
3032,57,0
3033,57,0
3034,57,0
3035,57,0
3036,57,0
3037,57,0
3038,57,0
3039,57,0
3040,57,0
3041,57,0
3042,57,0
3043,57,0
3044,57,0
3045,57,0
3046,57,0
3047,57,0
3048,57,0
3049,57,0
3050,57,0
3051,57,0
3052,57,0
3053,57,0
3054,57,0
3055,57,0
3056,57,0
3057,57,0
3058,57,0
3059,57,0
3060,57,0
3061,57,0
3062,57,0
3063,57,0
3064,57,0
3065,57,0
3066,57,0
3067,57,0
3068,57,0
3069,57,0
3070,57,0
3071,57,0
3072,57,0
3073,57,0
3074,57,0
3075,57,0
3076,57,0
3077,57,0
3078,57,0
3079,57,0
3080,57,0
3081,57,0
3082,57,0
3083,57,0
3084,57,0
3085,57,0
3086,57,0
3087,57,0
3088,57,0
3089,57,0
3090,57,0
3091,57,0
3092,57,0
3093,57,0
3094,57,0
3095,57,0
3096,57,0
3097,57,0
3098,57,0
3099,57,0
3100,57,0
3101,57,0
3102,57,0
3103,57,0
3104,57,0
3105,57,0
3106,57,0
3107,57,0
3108,57,0
3109,57,0
3110,57,0
3111,57,0
3112,57,0
3113,57,0
3114,57,0
3115,57,0
3116,57,0
3117,57,0
3118,57,0
3119,57,0
3120,57,0
3121,57,0
3122,57,0
3123,57,0
3124,57,0
3125,57,0
3126,57,0
3127,57,0
3128,57,0
3129,57,0
3130,57,0
3131,57,0
3132,57,0
3133,57,0
3134,57,0
3135,57,0
3136,57,0
3137,57,0
3138,57,0
3139,57,0
3140,57,0
3141,57,0
3142,57,0
3143,57,0
3144,57,0
3145,57,0
3146,57,0
3147,57,0
3148,57,0
3149,57,0
3150,57,0
3151,57,0
3152,57,0
3153,57,0
3154,57,0
3155,57,0
3156,57,0
3157,57,0
3158,57,0
3159,57,0
3160,57,0
3161,57,0
3162,57,0
3163,57,0
3164,57,0
3165,57,0
3166,57,0
3167,57,0
3168,57,0
3169,57,0
3170,57,0
3171,57,0
3172,57,0
3173,57,0
3174,57,0
3175,57,0
3176,57,0
3177,57,0
3178,57,0
3179,57,0
3180,57,0
3181,57,0
3182,57,0
3183,57,0
3184,57,0
3185,57,0
3186,57,0
3187,57,0
3188,57,0
3189,57,0
3190,57,0
3191,57,0
3192,57,0
3193,57,0
3194,57,0
3195,57,0
3196,57,0
3197,57,0
3198,57,0
3199,57,0
3200,57,0
3201,57,0
3202,57,0
3203,57,0
3204,57,0
3205,57,0
3206,57,0
3207,57,0
3208,57,0
3209,57,0
3210,57,0
3211,57,0
3212,57,0
3213,57,0
3214,57,0
3215,57,0
3216,57,0
3217,57,0
3218,57,0
3219,57,0
3220,57,0
3221,57,0
3222,57,0
3223,57,0
3224,57,0
3225,57,0
3226,57,0
3227,57,0
3228,57,0
3229,57,0
3230,57,0
3231,57,0
3232,57,0
3233,57,0
3234,57,0
3235,57,0
3236,57,0
3237,57,0
3238,57,0
3239,57,0
3240,57,0
3241,57,0
3242,57,0
3243,57,0
3244,57,0
3245,57,0
3246,57,0
3247,57,0
3248,57,0
3249,57,0
3250,57,0
3251,57,0
3252,57,0
3253,57,0
3254,57,0
3255,57,0
3256,57,0
3257,57,0
3258,57,0
3259,57,0
3260,57,0
3261,57,0
3262,57,0
3263,57,0
3264,57,0
3265,57,0
3266,57,0
3267,57,0
3268,57,0
3269,57,0
3270,57,0
3271,57,0
3272,57,0
3273,57,0
3274,57,0
3275,57,0
3276,57,0
3277,57,0
3278,57,0
3279,57,0
3280,57,0
3281,57,0
3282,57,0
3283,57,0
3284,57,0
3285,57,0
3286,57,0
3287,57,0
3288,57,0
3289,57,0
3290,57,0
3291,57,0
3292,57,0
3293,57,0
3294,57,0
3295,57,0
3296,57,0
3297,57,0
3298,57,0
3299,57,0
3300,57,0
3301,57,0
3302,57,0
3303,57,0
3304,57,0
3305,57,0
3306,57,0
3307,57,0
3308,57,0
3309,57,0
3310,57,0
3311,57,0
3312,57,0
3313,57,0
3314,57,0
3315,57,0
3316,57,0
3317,57,0
3318,57,0
3319,57,0
3320,57,0
3321,57,0
3322,57,0
3323,57,0
3324,57,0
3325,57,0
3326,57,0
3327,57,0
3328,57,0
3329,57,0
3330,57,0
3331,57,0
3332,57,0
3333,57,0
3334,57,0
3335,57,0
3336,57,0
3337,57,0
3338,57,0
3339,57,0
3340,57,0
3341,57,0
3342,57,0
3343,57,0
3344,57,0
3345,57,0
3346,57,0
3347,57,0
3348,57,0
3349,57,0
3350,57,0
3351,57,0
3352,57,0
3353,57,0
3354,57,0
3355,57,0
3356,57,0
3357,57,0
3358,57,0
3359,57,0
3360,57,0
3361,57,0
3362,57,0
3363,57,0
3364,57,0
3365,57,0
3366,57,0
3367,57,0
3368,57,0
3369,57,0
3370,57,0
3371,57,0
3372,57,0
3373,57,0
3374,57,0
3375,57,0
3376,57,0
3377,57,0
3378,57,0
3379,57,0
3380,57,0
3381,57,0
3382,57,0
3383,57,0
3384,57,0
3385,57,0
3386,57,0
3387,57,0
3388,57,0
3389,57,0
3390,57,0
3391,57,0
3392,57,0
3393,57,0
3394,57,0
3395,57,0
3396,57,0
3397,57,0
3398,57,0
3399,57,0
3400,57,0
3401,57,0
3402,57,0
3403,57,0
3404,57,0
3405,57,0
3406,57,0
3407,57,0
3408,57,0
3409,57,0
3410,57,0
3411,57,0
3412,57,0
3413,57,0
3414,57,0
3415,57,0
3416,57,0
3417,57,0
3418,57,0
3419,57,0
3420,57,0
3421,57,0
3422,57,0
3423,57,0
3424,57,0
3425,57,0
3426,57,0
3427,57,0
3428,57,0
3429,57,0
3430,57,0
3431,57,0
3432,57,0
3433,57,0
3434,57,0
3435,57,0
3436,57,0
3437,57,0
3438,57,0
3439,57,0
3440,57,0
3441,57,0
3442,57,0
3443,57,0
3444,57,0
3445,57,0
3446,57,0
3447,57,0
3448,57,0
3449,57,0
3450,57,0
3451,57,0
3452,57,0
3453,57,0
3454,57,0
3455,57,0
3456,57,0
3457,57,0
3458,57,0
3459,57,0
3460,57,0
3461,57,0
3462,57,0
3463,57,0
3464,57,0
3465,57,0
3466,57,0
3467,57,0
3468,57,0
3469,57,0
3470,57,0
3471,57,0
3472,57,0
3473,57,0
3474,57,0
3475,57,0
3476,57,0
3477,57,0
3478,57,0
3479,57,0
3480,57,0
3481,57,0
3482,57,0
3483,57,0
3484,57,0
3485,57,0
3486,57,0
3487,57,0
3488,57,0
3489,57,0
3490,57,0
3491,57,0
3492,57,0
3493,57,0
3494,57,0
3495,57,0
3496,57,0
3497,57,0
3498,57,0
3499,57,0
3500,57,0
3501,57,0
3502,57,0
3503,57,0
3504,57,0
3505,57,0
3506,57,0
3507,57,0
3508,57,0
3509,57,0
3510,57,0
3511,57,0
3512,57,0
3513,57,0
3514,57,0
3515,57,0
3516,57,0
3517,57,0
3518,57,0
3519,57,0
3520,57,0
3521,57,0
3522,57,0
3523,57,0
3524,57,0
3525,57,0
3526,57,0
3527,57,0
3528,57,0
3529,57,0
3530,57,0
3531,57,0
3532,57,0
3533,57,0
3534,57,0
3535,57,0
3536,57,0
3537,57,0
3538,57,0
3539,57,0
3540,57,0
3541,57,0
3542,57,0
3543,57,0
3544,57,0
3545,57,0
3546,57,0
3547,57,0
3548,57,0
3549,57,0
3550,57,0
3551,57,0
3552,57,0
3553,57,0
3554,57,0
3555,57,0
3556,57,0
3557,57,0
3558,57,0
3559,57,0
3560,57,0
3561,57,0
3562,57,0
3563,57,0
3564,57,0
3565,57,0
3566,57,0
3567,57,0
3568,57,0
3569,57,0
3570,57,0
3571,57,0
3572,57,0
3573,57,0
3574,57,0
3575,57,0
3576,57,0
3577,57,0
3578,57,0
3579,57,0
3580,57,0
3581,57,0
3582,57,0
3583,57,0
3584,57,0
3585,57,0
3586,57,0
3587,57,0
3588,57,0
3589,57,0
3590,57,0
3591,57,0
3592,57,0
3593,57,0
3594,57,0
3595,57,0
3596,57,0
3597,57,0
3598,57,0
3599,57,0
3600,57,0
3601,57,0
3602,57,0
3603,57,0
3604,57,0
3605,57,0
3606,57,0
3607,57,0
3608,57,0
3609,57,0
3610,57,0
3611,57,0
3612,57,0
3613,57,0
3614,57,0
3615,57,0
3616,57,0
3617,57,0
3618,57,0
3619,57,0
3620,57,0
3621,57,0
3622,57,0
3623,57,0
3624,57,0
3625,57,0
3626,57,0
3627,57,0
3628,57,0
3629,57,0
3630,57,0
3631,57,0
3632,57,0
3633,57,0
3634,57,0
3635,57,0
3636,57,0
3637,57,0
3638,57,0
3639,57,0
3640,57,0
3641,57,0
3642,57,0
3643,57,0
3644,57,0
3645,57,0
3646,57,0
3647,57,0
3648,57,0
3649,57,0
3650,57,0
3651,57,0
3652,57,0
3653,57,0
3654,57,0
3655,57,0
3656,57,0
3657,57,0
3658,57,0
3659,57,0
3660,57,0
3661,57,0
3662,57,0
3663,57,0
3664,57,0
3665,57,0
3666,57,0
3667,57,0
3668,57,0
3669,57,0
3670,57,0
3671,57,0
3672,57,0
3673,57,0
3674,57,0
3675,57,0
3676,57,0
3677,57,0
3678,57,0
3679,57,0
3680,57,0
3681,57,0
3682,57,0
3683,57,0
3684,57,0
3685,57,0
3686,57,0
3687,57,0
3688,57,0
3689,57,0
3690,57,0
3691,57,0
3692,57,0
3693,57,0
3694,57,0
3695,57,0
3696,57,0
3697,57,0
3698,57,0
3699,57,0
3700,57,0
3701,57,0
3702,57,0
3703,57,0
3704,57,0
3705,57,0
3706,57,0
3707,57,0
3708,57,0
3709,57,0
3710,57,0
3711,57,0
3712,57,0
3713,57,0
3714,57,0
3715,57,0
3716,57,0
3717,57,0
3718,57,0
3719,57,0
3720,57,0
3721,57,0
3722,57,0
3723,57,0
3724,57,0
3725,57,0
3726,57,0
3727,57,0
3728,57,0
3729,57,0
3730,57,0
3731,57,0
3732,57,0
3733,57,0
3734,57,0
3735,57,0
3736,57,0
3737,57,0
3738,57,0
3739,57,0
3740,57,0
3741,57,0
3742,57,0
3743,57,0
3744,57,0
3745,57,0
3746,57,0
3747,57,0
3748,57,0
3749,57,0
3750,57,0
3751,57,0
3752,57,0
3753,57,0
3754,57,0
3755,57,0
3756,57,0
3757,57,0
3758,57,0
3759,57,0
3760,57,0
3761,57,0
3762,57,0
3763,57,0
3764,57,0
3765,57,0
3766,57,0
3767,57,0
3768,57,0
3769,57,0
3770,57,0
3771,57,0
3772,57,0
3773,57,0
3774,57,0
3775,57,0
3776,57,0
3777,57,0
3778,57,0
3779,57,0
3780,57,0
3781,57,0
3782,57,0
3783,57,0
3784,57,0
3785,57,0
3786,57,0
3787,57,0
3788,57,0
3789,57,0
3790,57,0
3791,57,0
3792,57,0
3793,57,0
3794,57,0
3795,57,0
3796,57,0
3797,57,0
3798,57,0
3799,57,0
3800,57,0
3801,57,0
3802,57,0
3803,57,0
3804,57,0
3805,57,0
3806,57,0
3807,57,0
3808,57,0
3809,57,0
3810,57,0
3811,57,0
3812,57,0
3813,57,0
3814,57,0
3815,57,0
3816,57,0
3817,57,0
3818,57,0
3819,57,0
3820,57,0
3821,57,0
3822,57,0
3823,57,0
3824,57,0
3825,57,0
3826,57,0
3827,57,0
3828,57,0
3829,57,0
3830,57,0
3831,57,0
3832,57,0
3833,57,0
3834,57,0
3835,57,0
3836,57,0
3837,57,0
3838,57,0
3839,57,0
3840,57,0
3841,57,0
3842,57,0
3843,57,0
3844,57,0
3845,57,0
3846,57,0
3847,57,0
3848,57,0
3849,57,0
3850,57,0
3851,57,0
3852,57,0
3853,57,0
3854,57,0
3855,57,0
3856,57,0
3857,57,0
3858,57,0
3859,57,0
3860,57,0
3861,57,0
3862,57,0
3863,57,0
3864,57,0
3865,57,0
3866,57,0
3867,57,0
3868,57,0
3869,57,0
3870,57,0
3871,57,0
3872,57,0
3873,57,0
3874,57,0
3875,57,0
3876,57,0
3877,57,0
3878,57,0
3879,57,0
3880,57,0
3881,57,0
3882,57,0
3883,57,0
3884,57,0
3885,57,0
3886,57,0
3887,57,0
3888,57,0
3889,57,0
3890,57,0
3891,57,0
3892,57,0
3893,57,0
3894,57,0
3895,57,0
3896,57,0
3897,57,0
3898,57,0
3899,57,0
3900,57,0
3901,57,0
3902,57,0
3903,57,0
3904,57,0
3905,57,0
3906,57,0
3907,57,0
3908,57,0
3909,57,0
3910,57,0
3911,57,0
3912,57,0
3913,57,0
3914,57,0
3915,57,0
3916,57,0
3917,57,0
3918,57,0
3919,57,0
3920,57,0
3921,57,0
3922,57,0
3923,57,0
3924,57,0
3925,57,0
3926,57,0
3927,57,0
3928,57,0
3929,57,0
3930,57,0
3931,57,0
3932,57,0
3933,57,0
3934,57,0
3935,57,0
3936,57,0
3937,57,0
3938,57,0
3939,57,0
3940,57,0
3941,57,0
3942,57,0
3943,57,0
3944,57,0
3945,57,0
3946,57,0
3947,57,0
3948,57,0
3949,57,0
3950,57,0
3951,57,0
3952,57,0
3953,57,0
3954,57,0
3955,57,0
3956,57,0
3957,57,0
3958,57,0
3959,57,0
3960,57,0
3961,57,0
3962,57,0
3963,57,0
3964,57,0
3965,57,0
3966,57,0
3967,57,0
3968,57,0
3969,57,0
3970,57,0
3971,57,0
3972,57,0
3973,57,0
3974,57,0
3975,57,0
3976,57,0
3977,57,0
3978,57,0
3979,57,0
3980,57,0
3981,57,0
3982,57,0
3983,57,0
3984,57,0
3985,57,0
3986,57,0
3987,57,0
3988,57,0
3989,57,0
3990,57,0
3991,57,0
3992,57,0
3993,57,0
3994,57,0
3995,57,0
3996,57,0
3997,57,0
3998,57,0
3999,57,0
4000,57,0
4001,57,0
4002,57,0
4003,57,0
4004,57,0
4005,57,0
4006,57,0
4007,57,0
4008,57,0
4009,57,0
4010,57,0
4011,57,0
4012,57,0
4013,57,0
4014,57,0
4015,57,0
4016,57,0
4017,57,0
4018,57,0
4019,57,0
4020,57,0
4021,57,0
4022,57,0
4023,57,0
4024,57,0
4025,57,0
4026,57,0
4027,57,0
4028,57,0
4029,57,0
4030,57,0
4031,57,0
4032,57,0
4033,57,0
4034,57,0
4035,57,0
4036,57,0
4037,57,0
4038,57,0
4039,57,0
4040,57,0
4041,57,0
4042,57,0
4043,57,0
4044,57,0
4045,57,0
4046,57,0
4047,57,0
4048,57,0
4049,57,0
4050,57,0
4051,57,0
4052,57,0
4053,56,0
4054,54,0
4055,53,0
4056,53,0
4057,52,0
4058,52,0
4059,52,0
4060,52,0
4061,52,0
4062,52,0
4063,52,0
4064,52,0
4065,52,0
4066,52,0
4067,52,0
4068,52,0
4069,52,0
4070,52,0
4071,52,0
4072,52,0
4073,52,0
4074,52,0
4075,52,0
4076,52,0
4077,52,0
4078,52,0
4079,52,0
4080,52,0
4081,52,0
4082,52,0
4083,52,0
4084,52,0
4085,52,0
4086,52,0
4087,52,0
4088,52,0
4089,52,0
4090,52,0
4091,52,0
4092,52,0
4093,52,0
4094,52,0
4095,52,0
4096,52,0
4097,52,0
4098,49,0
4099,49,0
4100,49,0
4101,48,0
4102,48,0
4103,48,0
4104,48,0
4105,48,0
4106,48,0
4107,47,0
4108,46,0
4109,45,0
4110,45,0
4111,45,0
4112,45,0
4113,45,0
4114,44,0
4115,42,0
4116,42,0
4117,42,0
4118,42,0
4119,42,0
4120,42,0
4121,42,0
4122,42,0
4123,42,0
4124,42,0
4125,42,0
4126,42,0
4127,42,0
4128,42,0
4129,42,0
4130,42,0
4131,42,0
4132,42,0
4133,42,0
4134,42,0
4135,42,0
4136,42,0
4137,42,0
4138,42,0
4139,42,0
4140,42,0
4141,42,0
4142,42,0
4143,42,0
4144,42,0
4145,42,0
4146,42,0
4147,42,0
4148,42,0
4149,42,0
4150,42,0
4151,42,0
4152,42,0
4153,42,0
4154,42,0
4155,42,0
4156,42,0
4157,42,0
4158,42,0
4159,42,0
4160,42,0
4161,42,0
4162,42,0
4163,42,0
4164,42,0
4165,42,0
4166,42,0
4167,42,0
4168,42,0
4169,42,0
4170,42,0
4171,42,0
4172,42,0
4173,42,0
4174,42,0
4175,42,0
4176,42,0
4177,42,0
4178,42,0
4179,42,0
4180,42,0
4181,42,0
4182,42,0
4183,42,0
4184,42,0
4185,42,0
4186,42,0
4187,42,0
4188,42,0
4189,42,0
4190,42,0
4191,42,0
4192,42,0
4193,42,0
4194,42,0
4195,42,0
4196,42,0
4197,42,0
4198,42,0
4199,42,0
4200,42,0
4201,42,0
4202,42,0
4203,42,0
4204,42,0
4205,42,0
4206,42,0
4207,42,0
4208,42,0
4209,42,0
4210,42,0
4211,42,0
4212,42,0
4213,42,0
4214,42,0
4215,42,0
4216,42,0
4217,42,0
4218,42,0
4219,42,0
4220,42,0
4221,42,0
4222,42,0
4223,42,0
4224,42,0
4225,42,0
4226,42,0
4227,42,0
4228,42,0
4229,42,0
4230,42,0
4231,42,0
4232,42,0
4233,42,0
4234,42,0
4235,42,0
4236,42,0
4237,42,0
4238,42,0
4239,42,0
4240,42,0
4241,42,0
4242,42,0
4243,42,0
4244,42,0
4245,42,0
4246,42,0
4247,42,0
4248,42,0
4249,42,0
4250,42,0
4251,42,0
4252,42,0
4253,42,0
4254,42,0
4255,42,0
4256,42,0
4257,42,0
4258,42,0
4259,42,0
4260,42,0
4261,42,0
4262,42,0
4263,42,0
4264,42,0
4265,42,0
4266,42,0
4267,42,0
4268,42,0
4269,42,0
4270,42,0
4271,42,0
4272,42,0
4273,42,0
4274,42,0
4275,42,0
4276,42,0
4277,42,0
4278,42,0
4279,42,0
4280,42,0
4281,42,0
4282,42,0
4283,42,0
4284,42,0
4285,42,0
4286,42,0
4287,42,0
4288,42,0
4289,42,0
4290,42,0
4291,42,0
4292,42,0
4293,42,0
4294,42,0
4295,42,0
4296,42,0
4297,42,0
4298,42,0
4299,42,0
4300,42,0
4301,42,0
4302,42,0
4303,42,0
4304,42,0
4305,42,0
4306,42,0
4307,42,0
4308,42,0
4309,42,0
4310,42,0
4311,42,0
4312,42,0
4313,42,0
4314,42,0
4315,42,0
4316,42,0
4317,42,0
4318,42,0
4319,42,0
4320,42,0
4321,42,0
4322,42,0
4323,42,0
4324,42,0
4325,42,0
4326,42,0
4327,42,0
4328,42,0
4329,42,0
4330,42,0
4331,42,0
4332,42,0
4333,42,0
4334,42,0
4335,42,0
4336,42,0
4337,42,0
4338,42,0
4339,42,0
4340,42,0
4341,42,0
4342,42,0
4343,42,0
4344,42,0
4345,42,0
4346,42,0
4347,42,0
4348,42,0
4349,42,0
4350,42,0
4351,42,0
4352,42,0
4353,42,0
4354,42,0
4355,42,0
4356,42,0
4357,42,0
4358,42,0
4359,42,0
4360,42,0
4361,42,0
4362,42,0
4363,42,0
4364,42,0
4365,42,0
4366,42,0
4367,42,0
4368,42,0
4369,42,0
4370,42,0
4371,42,0
4372,42,0
4373,42,0
4374,42,0
4375,42,0
4376,42,0
4377,42,0
4378,42,0
4379,42,0
4380,42,0
4381,42,0
4382,42,0
4383,42,0
4384,42,0
4385,42,0
4386,42,0
4387,42,0
4388,42,0
4389,42,0
4390,42,0
4391,42,0
4392,42,0
4393,42,0
4394,42,0
4395,42,0
4396,42,0
4397,42,0
4398,42,0
4399,42,0
4400,42,0
4401,42,0
4402,42,0
4403,42,0
4404,42,0
4405,42,0
4406,42,0
4407,42,0
4408,42,0
4409,42,0
4410,42,0
4411,42,0
4412,42,0
4413,42,0
4414,42,0
4415,42,0
4416,42,0
4417,42,0
4418,42,0
4419,42,0
4420,42,0
4421,42,0
4422,42,0
4423,42,0
4424,42,0
4425,42,0
4426,42,0
4427,42,0
4428,42,0
4429,42,0
4430,42,0
4431,42,0
4432,42,0
4433,42,0
4434,42,0
4435,42,0
4436,42,0
4437,42,0
4438,42,0
4439,42,0
4440,42,0
4441,42,0
4442,42,0
4443,42,0
4444,42,0
4445,42,0
4446,42,0
4447,42,0
4448,42,0
4449,42,0
4450,42,0
4451,42,0
4452,42,0
4453,42,0
4454,42,0
4455,42,0
4456,42,0
4457,42,0
4458,42,0
4459,42,0
4460,42,0
4461,42,0
4462,42,0
4463,42,0
4464,42,0
4465,42,0
4466,42,0
4467,42,0
4468,42,0
4469,42,0
4470,42,0
4471,42,0
4472,42,0
4473,42,0
4474,42,0
4475,42,0
4476,42,0
4477,42,0
4478,42,0
4479,42,0
4480,42,0
4481,42,0
4482,42,0
4483,42,0
4484,42,0
4485,42,0
4486,42,0
4487,42,0
4488,42,0
4489,42,0
4490,42,0
4491,42,0
4492,42,0
4493,42,0
4494,42,0
4495,42,0
4496,42,0
4497,42,0
4498,42,0
4499,42,0
4500,42,0
4501,42,0
4502,42,0
4503,42,0
4504,42,0
4505,42,0
4506,42,0
4507,42,0
4508,42,0
4509,42,0
4510,42,0
4511,42,0
4512,42,0
4513,42,0
4514,42,0
4515,42,0
4516,42,0
4517,42,0
4518,42,0
4519,42,0
4520,42,0
4521,42,0
4522,42,0
4523,42,0
4524,42,0
4525,42,0
4526,42,0
4527,42,0
4528,42,0
4529,42,0
4530,42,0
4531,42,0
4532,42,0
4533,42,0
4534,42,0
4535,42,0
4536,42,0
4537,42,0
4538,42,0
4539,42,0
4540,42,0
4541,42,0
4542,42,0
4543,42,0
4544,42,0
4545,42,0
4546,42,0
4547,42,0
4548,42,0
4549,42,0
4550,42,0
4551,42,0
4552,42,0
4553,42,0
4554,42,0
4555,42,0
4556,42,0
4557,42,0
4558,42,0
4559,42,0
4560,42,0
4561,42,0
4562,42,0
4563,42,0
4564,42,0
4565,42,0
4566,42,0
4567,42,0
4568,42,0
4569,42,0
4570,42,0
4571,42,0
4572,42,0
4573,42,0
4574,42,0
4575,42,0
4576,42,0
4577,42,0
4578,42,0
4579,42,0
4580,42,0
4581,42,0
4582,42,0
4583,42,0
4584,42,0
4585,42,0
4586,42,0
4587,42,0
4588,42,0
4589,42,0
4590,42,0
4591,42,0
4592,42,0
4593,42,0
4594,42,0
4595,42,0
4596,42,0
4597,42,0
4598,42,0
4599,42,0
4600,42,0
4601,42,0
4602,42,0
4603,42,0
4604,42,0
4605,42,0
4606,42,0
4607,42,0
4608,42,0
4609,42,0
4610,42,0
4611,42,0
4612,42,0
4613,42,0
4614,42,0
4615,42,0
4616,42,0
4617,42,0
4618,42,0
4619,42,0
4620,42,0
4621,42,0
4622,42,0
4623,42,0
4624,42,0
4625,42,0
4626,42,0
4627,42,0
4628,42,0
4629,42,0
4630,42,0
4631,42,0
4632,42,0
4633,42,0
4634,42,0
4635,42,0
4636,42,0
4637,42,0
4638,42,0
4639,42,0
4640,42,0
4641,42,0
4642,42,0
4643,42,0
4644,42,0
4645,42,0
4646,42,0
4647,42,0
4648,42,0
4649,42,0
4650,42,0
4651,42,0
4652,42,0
4653,42,0
4654,42,0
4655,42,0
4656,42,0
4657,42,0
4658,42,0
4659,42,0
4660,42,0
4661,42,0
4662,42,0
4663,42,0
4664,42,0
4665,42,0
4666,42,0
4667,42,0
4668,42,0
4669,42,0
4670,42,0
4671,42,0
4672,42,0
4673,42,0
4674,42,0
4675,42,0
4676,42,0
4677,42,0
4678,42,0
4679,42,0
4680,42,0
4681,42,0
4682,42,0
4683,42,0
4684,42,0
4685,42,0
4686,42,0
4687,42,0
4688,42,0
4689,42,0
4690,42,0
4691,42,0
4692,42,0
4693,42,0
4694,42,0
4695,42,0
4696,42,0
4697,42,0
4698,42,0
4699,42,0
4700,42,0
4701,42,0
4702,42,0
4703,42,0
4704,42,0
4705,42,0
4706,42,0
4707,42,0
4708,42,0
4709,42,0
4710,42,0
4711,42,0
4712,42,0
4713,42,0
4714,42,0
4715,42,0
4716,42,0
4717,42,0
4718,42,0
4719,42,0
4720,42,0
4721,42,0
4722,42,0
4723,42,0
4724,42,0
4725,42,0
4726,42,0
4727,42,0
4728,42,0
4729,42,0
4730,42,0
4731,42,0
4732,42,0
4733,42,0
4734,42,0
4735,42,0
4736,42,0
4737,42,0
4738,42,0
4739,42,0
4740,42,0
4741,42,0
4742,42,0
4743,42,0
4744,42,0
4745,42,0
4746,42,0
4747,42,0
4748,42,0
4749,42,0
4750,42,0
4751,42,0
4752,42,0
4753,42,0
4754,42,0
4755,42,0
4756,42,0
4757,42,0
4758,42,0
4759,42,0
4760,42,0
4761,42,0
4762,42,0
4763,42,0
4764,42,0
4765,42,0
4766,42,0
4767,42,0
4768,42,0
4769,42,0
4770,42,0
4771,42,0
4772,42,0
4773,42,0
4774,42,0
4775,42,0
4776,42,0
4777,42,0
4778,42,0
4779,42,0
4780,42,0
4781,42,0
4782,42,0
4783,42,0
4784,42,0
4785,42,0
4786,42,0
4787,42,0
4788,42,0
4789,42,0
4790,42,0
4791,42,0
4792,42,0
4793,42,0
4794,42,0
4795,42,0
4796,42,0
4797,42,0
4798,42,0
4799,42,0
4800,42,0
4801,42,0
4802,42,0
4803,42,0
4804,42,0
4805,42,0
4806,42,0
4807,42,0
4808,42,0
4809,42,0
4810,42,0
4811,42,0
4812,42,0
4813,42,0
4814,42,0
4815,42,0
4816,42,0
4817,42,0
4818,42,0
4819,42,0
4820,42,0
4821,42,0
4822,42,0
4823,42,0
4824,42,0
4825,42,0
4826,42,0
4827,42,0
4828,42,0
4829,42,0
4830,42,0
4831,42,0
4832,42,0
4833,42,0
4834,42,0
4835,42,0
4836,42,0
4837,42,0
4838,42,0
4839,42,0
4840,42,0
4841,42,0
4842,42,0
4843,42,0
4844,42,0
4845,42,0
4846,42,0
4847,42,0
4848,42,0
4849,42,0
4850,42,0
4851,42,0
4852,42,0
4853,42,0
4854,42,0
4855,42,0
4856,42,0
4857,42,0
4858,42,0
4859,42,0
4860,42,0
4861,42,0
4862,42,0
4863,42,0
4864,42,0
4865,42,0
4866,42,0
4867,42,0
4868,42,0
4869,42,0
4870,42,0
4871,42,0
4872,42,0
4873,42,0
4874,42,0
4875,42,0
4876,42,0
4877,42,0
4878,42,0
4879,42,0
4880,42,0
4881,42,0
4882,42,0
4883,42,0
4884,42,0
4885,42,0
4886,42,0
4887,42,0
4888,42,0
4889,42,0
4890,42,0
4891,42,0
4892,42,0
4893,42,0
4894,42,0
4895,42,0
4896,42,0
4897,42,0
4898,42,0
4899,42,0
4900,42,0
4901,42,0
4902,42,0
4903,42,0
4904,42,0
4905,42,0
4906,42,0
4907,42,0
4908,42,0
4909,42,0
4910,42,0
4911,42,0
4912,42,0
4913,42,0
4914,42,0
4915,42,0
4916,42,0
4917,42,0
4918,42,0
4919,42,0
4920,42,0
4921,42,0
4922,42,0
4923,42,0
4924,42,0
4925,42,0
4926,42,0
4927,42,0
4928,42,0
4929,42,0
4930,42,0
4931,42,0
4932,42,0
4933,42,0
4934,42,0
4935,42,0
4936,42,0
4937,42,0
4938,42,0
4939,42,0
4940,42,0
4941,42,0
4942,42,0
4943,42,0
4944,42,0
4945,42,0
4946,42,0
4947,42,0
4948,42,0
4949,42,0
4950,42,0
4951,42,0
4952,42,0
4953,42,0
4954,42,0
4955,42,0
4956,42,0
4957,42,0
4958,42,0
4959,42,0
4960,42,0
4961,42,0
4962,42,0
4963,42,0
4964,42,0
4965,42,0
4966,42,0
4967,42,0
4968,42,0
4969,42,0
4970,42,0
4971,42,0
4972,42,0
4973,42,0
4974,42,0
4975,42,0
4976,42,0
4977,42,0
4978,42,0
4979,42,0
4980,42,0
4981,42,0
4982,42,0
4983,42,0
4984,42,0
4985,42,0
4986,42,0
4987,42,0
4988,42,0
4989,42,0
4990,42,0
4991,42,0
4992,42,0
4993,42,0
4994,42,0
4995,42,0
4996,42,0
4997,42,0
4998,42,0
4999,42,0
5000,42,0
5001,42,0
5002,42,0
5003,42,0
5004,42,0
5005,42,0
5006,42,0
5007,42,0
5008,42,0
5009,42,0
5010,42,0
5011,42,0
5012,42,0
5013,42,0
5014,42,0
5015,42,0
5016,42,0
5017,42,0
5018,42,0
5019,42,0
5020,42,0
5021,42,0
5022,42,0
5023,42,0
5024,42,0
5025,42,0
5026,42,0
5027,42,0
5028,42,0
5029,42,0
5030,42,0
5031,42,0
5032,42,0
5033,42,0
5034,42,0
5035,42,0
5036,42,0
5037,42,0
5038,42,0
5039,42,0
5040,42,0
5041,42,0
5042,42,0
5043,42,0
5044,42,0
5045,42,0
5046,42,0
5047,42,0
5048,42,0
5049,42,0
5050,42,0
5051,42,0
5052,42,0
5053,42,0
5054,42,0
5055,42,0
5056,42,0
5057,42,0
5058,42,0
5059,42,0
5060,42,0
5061,42,0
5062,42,0
5063,42,0
5064,42,0
5065,42,0
5066,42,0
5067,42,0
5068,42,0
5069,42,0
5070,42,0
5071,42,0
5072,42,0
5073,42,0
5074,42,0
5075,42,0
5076,42,0
5077,42,0
5078,42,0
5079,42,0
5080,42,0
5081,42,0
5082,42,0
5083,42,0
5084,42,0
5085,42,0
5086,42,0
5087,42,0
5088,42,0
5089,42,0
5090,42,0
5091,42,0
5092,42,0
5093,42,0
5094,42,0
5095,42,0
5096,42,0
5097,42,0
5098,42,0
5099,42,0
5100,42,0
5101,42,0
5102,42,0
5103,42,0
5104,42,0
5105,42,0
5106,42,0
5107,42,0
5108,42,0
5109,42,0
5110,42,0
5111,42,0
5112,42,0
5113,42,0
5114,42,0
5115,42,0
5116,42,0
5117,42,0
5118,42,0
5119,42,0
5120,42,0
5121,42,0
5122,42,0
5123,42,0
5124,42,0
5125,42,0
5126,42,0
5127,42,0
5128,42,0
5129,42,0
5130,42,0
5131,42,0
5132,42,0
5133,42,0
5134,42,0
5135,42,0
5136,42,0
5137,42,0
5138,42,0
5139,42,0
5140,42,0
5141,42,0
5142,42,0
5143,42,0
5144,42,0
5145,42,0
5146,42,0
5147,42,0
5148,42,0
5149,42,0
5150,42,0
5151,42,0
5152,42,0
5153,42,0
5154,42,0
5155,42,0
5156,42,0
5157,42,0
5158,42,0
5159,42,0
5160,42,0
5161,42,0
5162,42,0
5163,42,0
5164,42,0
5165,42,0
5166,42,0
5167,42,0
5168,42,0
5169,42,0
5170,42,0
5171,42,0
5172,42,0
5173,42,0
5174,42,0
5175,42,0
5176,42,0
5177,42,0
5178,42,0
5179,42,0
5180,42,0
5181,42,0
5182,42,0
5183,42,0
5184,42,0
5185,42,0
5186,42,0
5187,42,0
5188,42,0
5189,42,0
5190,42,0
5191,42,0
5192,42,0
5193,42,0
5194,42,0
5195,42,0
5196,42,0
5197,42,0
5198,42,0
5199,42,0
5200,42,0
5201,42,0
5202,42,0
5203,42,0
5204,42,0
5205,42,0
5206,42,0
5207,42,0
5208,42,0
5209,42,0
5210,42,0
5211,42,0
5212,42,0
5213,42,0
5214,42,0
5215,42,0
5216,42,0
5217,42,0
5218,42,0
5219,42,0
5220,42,0
5221,42,0
5222,42,0
5223,42,0
5224,42,0
5225,42,0
5226,42,0
5227,42,0
5228,42,0
5229,42,0
5230,42,0
5231,42,0
5232,42,0
5233,42,0
5234,42,0
5235,42,0
5236,42,0
5237,42,0
5238,42,0
5239,42,0
5240,42,0
5241,42,0
5242,42,0
5243,42,0
5244,42,0
5245,42,0
5246,42,0
5247,42,0
5248,42,0
5249,42,0
5250,42,0
5251,42,0
5252,42,0
5253,42,0
5254,42,0
5255,42,0
5256,42,0
5257,42,0
5258,42,0
5259,42,0
5260,42,0
5261,42,0
5262,42,0
5263,42,0
5264,42,0
5265,42,0
5266,42,0
5267,42,0
5268,42,0
5269,42,0
5270,42,0
5271,42,0
5272,42,0
5273,42,0
5274,42,0
5275,42,0
5276,42,0
5277,42,0
5278,42,0
5279,42,0
5280,42,0
5281,42,0
5282,42,0
5283,42,0
5284,42,0
5285,42,0
5286,42,0
5287,42,0
5288,42,0
5289,42,0
5290,42,0
5291,42,0
5292,42,0
5293,42,0
5294,42,0
5295,42,0
5296,42,0
5297,42,0
5298,42,0
5299,42,0
5300,42,0
5301,42,0
5302,42,0
5303,42,0
5304,42,0
5305,42,0
5306,42,0
5307,42,0
5308,42,0
5309,42,0
5310,42,0
5311,42,0
5312,42,0
5313,42,0
5314,42,0
5315,42,0
5316,42,0
5317,42,0
5318,42,0
5319,42,0
5320,42,0
5321,42,0
5322,42,0
5323,42,0
5324,42,0
5325,42,0
5326,42,0
5327,42,0
5328,42,0
5329,42,0
5330,42,0
5331,42,0
5332,42,0
5333,42,0
5334,42,0
5335,42,0
5336,42,0
5337,42,0
5338,42,0
5339,42,0
5340,42,0
5341,42,0
5342,42,0
5343,42,0
5344,42,0
5345,42,0
5346,42,0
5347,42,0
5348,42,0
5349,42,0
5350,42,0
5351,42,0
5352,42,0
5353,42,0
5354,42,0
5355,42,0
5356,42,0
5357,42,0
5358,42,0
5359,42,0
5360,42,0
5361,42,0
5362,42,0
5363,42,0
5364,42,0
5365,42,0
5366,42,0
5367,42,0
5368,42,0
5369,42,0
5370,42,0
5371,42,0
5372,42,0
5373,42,0
5374,42,0
5375,42,0
5376,42,0
5377,42,0
5378,42,0
5379,42,0
5380,42,0
5381,42,0
5382,42,0
5383,42,0
5384,42,0
5385,42,0
5386,42,0
5387,42,0
5388,40,0
5389,40,0
5390,37,0
5391,36,0
5392,35,0
5393,35,0
5394,35,0
5395,35,0
5396,35,0
5397,35,0
5398,34,0
5399,34,0
5400,34,0
5401,34,0
5402,34,0
5403,34,0
5404,32,0
5405,32,0
5406,32,0
5407,32,0
5408,32,0
5409,32,0
5410,32,0
5411,32,0
5412,32,0
5413,32,0
5414,32,0
5415,32,0
5416,32,0
5417,32,0
5418,32,0
5419,32,0
5420,32,0
5421,32,0
5422,32,0
5423,32,0
5424,32,0
5425,32,0
5426,32,0
5427,32,0
5428,32,0
5429,32,0
5430,32,0
5431,32,0
5432,32,0
5433,32,0
5434,32,0
5435,32,0
5436,32,0
5437,32,0
5438,32,0
5439,32,0
5440,32,0
5441,32,0
5442,32,0
5443,32,0
5444,32,0
5445,32,0
5446,29,0
5447,27,0
5448,27,0
5449,27,0
5450,27,0
5451,27,0
5452,27,0
5453,27,0
5454,27,0
5455,27,0
5456,27,0
5457,27,0
5458,27,0
5459,27,0
5460,27,0
5461,27,0
5462,27,0
5463,27,0
5464,27,0
5465,27,0
5466,27,0
5467,27,0
5468,27,0
5469,27,0
5470,27,0
5471,27,0
5472,27,0
5473,27,0
5474,27,0
5475,27,0
5476,26,0
5477,24,0
5478,24,0
5479,24,0
5480,24,0
5481,24,0
5482,24,0
5483,24,0
5484,24,0
5485,24,0
5486,24,0
5487,24,0
5488,24,0
5489,24,0
5490,23,0
5491,23,0
5492,23,0
5493,23,0
5494,23,0
5495,23,0
5496,22,0
5497,22,0
5498,22,0
5499,22,0
5500,22,0
5501,22,0
5502,22,0
5503,22,0
5504,22,0
5505,22,0
5506,22,0
5507,22,0
5508,22,0
5509,22,0
5510,22,0
5511,22,0
5512,22,0
5513,22,0
5514,22,0
5515,22,0
5516,22,0
5517,22,0
5518,22,0
5519,22,0
5520,22,0
5521,22,0
5522,22,0
5523,22,0
5524,22,0
5525,22,0
5526,22,0
5527,22,0
5528,22,0
5529,22,0
5530,22,0
5531,22,0
5532,22,0
5533,22,0
5534,22,0
5535,22,0
5536,22,0
5537,22,0
5538,22,0
5539,22,0
5540,22,0
5541,22,0
5542,22,0
5543,22,0
5544,22,0
5545,22,0
5546,22,0
5547,22,0
5548,22,0
5549,22,0
5550,22,0
5551,22,0
5552,22,0
5553,22,0
5554,22,0
5555,22,0
5556,22,0
5557,22,0
5558,22,0
5559,22,0
5560,22,0
5561,22,0
5562,22,0
5563,22,0
5564,22,0
5565,22,0
5566,22,0
5567,22,0
5568,22,0
5569,22,0
5570,22,0
5571,22,0
5572,22,0
5573,22,0
5574,22,0
5575,22,0
5576,22,0
5577,22,0
5578,22,0
5579,22,0
5580,22,0
5581,22,0
5582,22,0
5583,22,0
5584,22,0
5585,22,0
5586,22,0
5587,22,0
5588,22,0
5589,22,0
5590,22,0
5591,22,0
5592,22,0
5593,22,0
5594,22,0
5595,22,0
5596,22,0
5597,22,0
5598,22,0
5599,22,0
5600,22,0
5601,22,0
5602,22,0
5603,22,0
5604,22,0
5605,22,0
5606,22,0
5607,22,0
5608,22,0
5609,22,0
5610,22,0
5611,22,0
5612,22,0
5613,22,0
5614,22,0
5615,22,0
5616,22,0
5617,22,0
5618,22,0
5619,22,0
5620,22,0
5621,22,0
5622,22,0
5623,22,0
5624,22,0
5625,22,0
5626,22,0
5627,22,0
5628,22,0
5629,22,0
5630,22,0
5631,22,0
5632,22,0
5633,22,0
5634,22,0
5635,22,0
5636,22,0
5637,22,0
5638,22,0
5639,22,0
5640,22,0
5641,22,0
5642,22,0
5643,22,0
5644,22,0
5645,22,0
5646,22,0
5647,22,0
5648,22,0
5649,22,0
5650,22,0
5651,22,0
5652,22,0
5653,22,0
5654,22,0
5655,22,0
5656,22,0
5657,22,0
5658,22,0
5659,22,0
5660,22,0
5661,22,0
5662,22,0
5663,22,0
5664,22,0
5665,22,0
5666,22,0
5667,22,0
5668,22,0
5669,22,0
5670,22,0
5671,22,0
5672,22,0
5673,22,0
5674,22,0
5675,22,0
5676,22,0
5677,22,0
5678,22,0
5679,22,0
5680,22,0
5681,22,0
5682,22,0
5683,22,0
5684,22,0
5685,22,0
5686,22,0
5687,22,0
5688,22,0
5689,22,0
5690,22,0
5691,22,0
5692,22,0
5693,22,0
5694,22,0
5695,22,0
5696,22,0
5697,22,0
5698,22,0
5699,22,0
5700,22,0
5701,22,0
5702,22,0
5703,22,0
5704,22,0
5705,22,0
5706,22,0
5707,22,0
5708,22,0
5709,22,0
5710,22,0
5711,22,0
5712,22,0
5713,22,0
5714,22,0
5715,22,0
5716,22,0
5717,22,0
5718,22,0
5719,22,0
5720,22,0
5721,22,0
5722,22,0
5723,22,0
5724,22,0
5725,22,0
5726,22,0
5727,22,0
5728,22,0
5729,22,0
5730,22,0
5731,22,0
5732,22,0
5733,22,0
5734,22,0
5735,22,0
5736,22,0
5737,22,0
5738,22,0
5739,22,0
5740,22,0
5741,22,0
5742,22,0
5743,22,0
5744,22,0
5745,22,0
5746,22,0
5747,22,0
5748,22,0
5749,22,0
5750,22,0
5751,22,0
5752,21,0
5753,21,0
5754,21,0
5755,21,0
5756,20,0
5757,20,0
5758,20,0
5759,20,0
5760,20,0
5761,20,0
5762,20,0
5763,20,0
5764,20,0
5765,20,0
5766,20,0
5767,20,0
5768,20,0
5769,20,0
5770,20,0
5771,20,0
5772,20,0
5773,20,0
5774,20,0
5775,20,0
5776,20,0
5777,20,0
5778,20,0
5779,20,0
5780,20,0
5781,20,0
5782,20,0
5783,20,0
5784,20,0
5785,20,0
5786,20,0
5787,20,0
5788,20,0
5789,20,0
5790,20,0
5791,20,0
5792,20,0
5793,20,0
5794,20,0
5795,20,0
5796,20,0
5797,20,0
5798,20,0
5799,20,0
5800,20,0
5801,20,0
5802,20,0
5803,20,0
5804,20,0
5805,20,0
5806,20,0
5807,20,0
5808,20,0
5809,20,0
5810,20,0
5811,20,0
5812,20,0
5813,20,0
5814,20,0
5815,20,0
5816,20,0
5817,20,0
5818,20,0
5819,20,0
5820,20,0
5821,20,0
5822,20,0
5823,20,0
5824,20,0
5825,20,0
5826,20,0
5827,20,0
5828,20,0
5829,20,0
5830,20,0
5831,20,0
5832,20,0
5833,20,0
5834,20,0
5835,20,0
5836,20,0
5837,20,0
5838,20,0
5839,20,0
5840,20,0
5841,20,0
5842,20,0
5843,20,0
5844,20,0
5845,20,0
5846,20,0
5847,20,0
5848,20,0
5849,20,0
5850,20,0
5851,20,0
5852,20,0
5853,20,0
5854,20,0
5855,20,0
5856,20,0
5857,20,0
5858,20,0
5859,20,0
5860,20,0
5861,20,0
5862,20,0
5863,20,0
5864,20,0
5865,20,0
5866,20,0
5867,20,0
5868,20,0
5869,20,0
5870,20,0
5871,20,0
5872,20,0
5873,20,0
5874,20,0
5875,20,0
5876,20,0
5877,20,0
5878,20,0
5879,20,0
5880,20,0
5881,20,0
5882,20,0
5883,20,0
5884,20,0
5885,20,0
5886,20,0
5887,20,0
5888,20,0
5889,20,0
5890,20,0
5891,20,0
5892,20,0
5893,20,0
5894,20,0
5895,20,0
5896,20,0
5897,20,0
5898,20,0
5899,20,0
5900,20,0
5901,20,0
5902,20,0
5903,20,0
5904,20,0
5905,20,0
5906,20,0
5907,20,0
5908,20,0
5909,20,0
5910,20,0
5911,20,0
5912,20,0
5913,20,0
5914,20,0
5915,20,0
5916,20,0
5917,20,0
5918,20,0
5919,20,0
5920,20,0
5921,20,0
5922,20,0
5923,20,0
5924,20,0
5925,20,0
5926,20,0
5927,20,0
5928,20,0
5929,20,0
5930,20,0
5931,20,0
5932,20,0
5933,20,0
5934,20,0
5935,20,0
5936,20,0
5937,20,0
5938,20,0
5939,20,0
5940,20,0
5941,20,0
5942,20,0
5943,20,0
5944,20,0
5945,20,0
5946,20,0
5947,20,0
5948,20,0
5949,20,0
5950,20,0
5951,20,0
5952,20,0
5953,20,0
5954,20,0
5955,20,0
5956,20,0
5957,20,0
5958,20,0
5959,20,0
5960,20,0
5961,20,0
5962,20,0
5963,20,0
5964,20,0
5965,20,0
5966,20,0
5967,20,0
5968,20,0
5969,20,0
5970,20,0
5971,20,0
5972,20,0
5973,20,0
5974,20,0
5975,20,0
5976,20,0
5977,20,0
5978,20,0
5979,20,0
5980,20,0
5981,20,0
5982,20,0
5983,20,0
5984,20,0
5985,20,0
5986,20,0
5987,20,0
5988,20,0
5989,20,0
5990,20,0
5991,20,0
5992,20,0
5993,20,0
5994,20,0
5995,20,0
5996,20,0
5997,20,0
5998,20,0
5999,20,0
6000,20,0
6001,20,0
6002,20,0
6003,20,0
6004,20,0
6005,20,0
6006,20,0
6007,20,0
6008,20,0
6009,20,0
6010,20,0
6011,20,0
6012,20,0
6013,20,0
6014,20,0
6015,20,0
6016,20,0
6017,20,0
6018,20,0
6019,20,0
6020,20,0
6021,20,0
6022,20,0
6023,20,0
6024,20,0
6025,20,0
6026,20,0
6027,20,0
6028,20,0
6029,20,0
6030,20,0
6031,20,0
6032,20,0
6033,20,0
6034,20,0
6035,20,0
6036,20,0
6037,20,0
6038,20,0
6039,20,0
6040,20,0
6041,20,0
6042,20,0
6043,20,0
6044,20,0
6045,20,0
6046,20,0
6047,20,0
6048,20,0
6049,20,0
6050,20,0
6051,20,0
6052,20,0
6053,20,0
6054,20,0
6055,20,0
6056,20,0
6057,20,0
6058,20,0
6059,20,0
6060,20,0
6061,20,0
6062,20,0
6063,20,0
6064,20,0
6065,20,0
6066,20,0
6067,20,0
6068,20,0
6069,20,0
6070,20,0
6071,20,0
6072,20,0
6073,20,0
6074,20,0
6075,20,0
6076,20,0
6077,20,0
6078,20,0
6079,20,0
6080,20,0
6081,20,0
6082,20,0
6083,20,0
6084,20,0
6085,20,0
6086,20,0
6087,20,0
6088,20,0
6089,20,0
6090,20,0
6091,20,0
6092,20,0
6093,20,0
6094,20,0
6095,20,0
6096,20,0
6097,20,0
6098,20,0
6099,20,0
6100,20,0
6101,20,0
6102,20,0
6103,20,0
6104,20,0
6105,20,0
6106,20,0
6107,20,0
6108,20,0
6109,20,0
6110,20,0
6111,20,0
6112,20,0
6113,20,0
6114,20,0
6115,20,0
6116,20,0
6117,20,0
6118,20,0
6119,20,0
6120,20,0
6121,20,0
6122,20,0
6123,20,0
6124,20,0
6125,20,0
6126,20,0
6127,20,0
6128,20,0
6129,20,0
6130,20,0
6131,20,0
6132,20,0
6133,20,0
6134,20,0
6135,20,0
6136,20,0
6137,20,0
6138,20,0
6139,20,0
6140,20,0
6141,20,0
6142,20,0
6143,20,0
6144,20,0
6145,20,0
6146,20,0
6147,20,0
6148,20,0
6149,20,0
6150,20,0
6151,20,0
6152,20,0
6153,20,0
6154,20,0
6155,20,0
6156,20,0
6157,20,0
6158,20,0
6159,20,0
6160,20,0
6161,20,0
6162,20,0
6163,20,0
6164,20,0
6165,20,0
6166,20,0
6167,20,0
6168,20,0
6169,20,0
6170,20,0
6171,20,0
6172,20,0
6173,20,0
6174,20,0
6175,20,0
6176,20,0
6177,20,0
6178,20,0
6179,20,0
6180,20,0
6181,20,0
6182,20,0
6183,20,0
6184,20,0
6185,20,0
6186,20,0
6187,20,0
6188,20,0
6189,20,0
6190,20,0
6191,20,0
6192,20,0
6193,20,0
6194,20,0
6195,20,0
6196,20,0
6197,20,0
6198,20,0
6199,20,0
6200,20,0
6201,20,0
6202,20,0
6203,20,0
6204,20,0
6205,20,0
6206,20,0
6207,20,0
6208,20,0
6209,20,0
6210,20,0
6211,20,0
6212,20,0
6213,20,0
6214,20,0
6215,20,0
6216,20,0
6217,20,0
6218,20,0
6219,20,0
6220,20,0
6221,20,0
6222,20,0
6223,20,0
6224,20,0
6225,20,0
6226,20,0
6227,20,0
6228,20,0
6229,20,0
6230,20,0
6231,20,0
6232,20,0
6233,20,0
6234,20,0
6235,20,0
6236,20,0
6237,20,0
6238,20,0
6239,20,0
6240,20,0
6241,20,0
6242,20,0
6243,20,0
6244,20,0
6245,20,0
6246,20,0
6247,20,0
6248,20,0
6249,20,0
6250,20,0
6251,20,0
6252,20,0
6253,20,0
6254,20,0
6255,20,0
6256,20,0
6257,20,0
6258,20,0
6259,20,0
6260,20,0
6261,20,0
6262,20,0
6263,20,0
6264,20,0
6265,20,0
6266,20,0
6267,20,0
6268,20,0
6269,20,0
6270,20,0
6271,20,0
6272,20,0
6273,20,0
6274,20,0
6275,20,0
6276,20,0
6277,20,0
6278,20,0
6279,20,0
6280,20,0
6281,20,0
6282,20,0
6283,20,0
6284,20,0
6285,20,0
6286,20,0
6287,20,0
6288,20,0
6289,20,0
6290,20,0
6291,20,0
6292,20,0
6293,20,0
6294,20,0
6295,20,0
6296,20,0
6297,20,0
6298,20,0
6299,20,0
6300,20,0
6301,20,0
6302,20,0
6303,20,0
6304,20,0
6305,20,0
6306,20,0
6307,20,0
6308,20,0
6309,20,0
6310,20,0
6311,20,0
6312,20,0
6313,20,0
6314,20,0
6315,20,0
6316,20,0
6317,20,0
6318,20,0
6319,20,0
6320,20,0
6321,20,0
6322,20,0
6323,20,0
6324,20,0
6325,20,0
6326,20,0
6327,20,0
6328,20,0
6329,20,0
6330,20,0
6331,20,0
6332,20,0
6333,20,0
6334,20,0
6335,20,0
6336,20,0
6337,20,0
6338,20,0
6339,20,0
6340,20,0
6341,20,0
6342,20,0
6343,20,0
6344,20,0
6345,20,0
6346,18,0
6347,17,0
6348,17,0
6349,17,0
6350,16,0
6351,15,0
6352,15,0
6353,15,0
6354,15,0
6355,15,0
6356,15,0
6357,15,0
6358,15,0
6359,14,0
6360,14,0
6361,12,0
6362,12,0
6363,12,0
6364,12,0
6365,12,0
6366,12,0
6367,12,0
6368,12,0
6369,12,0
6370,12,0
6371,12,0
6372,10,0
6373,10,0
6374,7,0
6375,5,0
6376,0,0
6377,0,0
6378,0,0
6379,0,0
6380,0,0
6381,0,0
6382,0,0
6383,0,0
6384,0,0
6385,0,0
6386,0,0
6387,0,0
6388,0,0
6389,0,0
6390,0,0
6391,0,0
6392,0,0
6393,0,0
6394,0,0
6395,0,0
6396,0,0
6397,0,0
6398,0,0
6399,0,0
6400,0,0
6401,0,0
6402,0,0
6403,0,0
6404,0,0
6405,0,0
6406,0,0
6407,0,0
6408,0,0
6409,0,0
6410,0,0
6411,0,0
6412,0,0
6413,0,0
6414,0,0
6415,0,0
6416,0,0
6417,0,0
6418,0,0
6419,0,0
6420,0,0
6421,0,0
6422,0,0
6423,0,0
6424,0,0
6425,0,0
6426,0,0
6427,0,0
6428,0,0
6429,0,0
6430,0,0
6431,0,0
6432,0,0
6433,0,0
6434,0,0
6435,0,0
6436,0,0
6437,0,0
6438,0,0
6439,0,0
6440,0,0
6441,0,0
6442,0,0
6443,0,0
6444,0,0
6445,0,0
6446,0,0
6447,0,0
6448,0,0
6449,0,0
6450,0,0
6451,0,0
6452,0,0
6453,0,0
6454,0,0
6455,0,0
6456,0,0
6457,0,0
6458,0,0
6459,0,0
6460,0,0
6461,0,0
6462,0,0
6463,0,0
6464,0,0
6465,0,0
6466,0,0
6467,0,0
6468,0,0
6469,0,0
6470,0,0
6471,0,0
6472,0,0
6473,0,0
6474,0,0
6475,0,0
6476,0,0
6477,0,0
6478,0,0
6479,0,0
6480,0,0
6481,0,0
6482,0,0
6483,0,0
6484,0,0
6485,0,0
6486,0,0
6487,0,0
6488,0,0
6489,0,0
6490,0,0
